id,category,pool,modes,topics,sentence,choices,answer,translation,takeaway,reasons,revised,naturalness,grammar,uniqueness,translationReview,explanation,difficultyContext,duplicate,sources,independentQa,independentQA
p5-001,品詞,practice,"[""日々の練習"", ""分野別"", ""問題選択"", ""論点別"", ""復習""]","[""pos-adjective""]",The revised application form is now ------- on the company's website.,"[""available"", ""availability"", ""availably"", ""avail""]",0,改訂された申込書は現在、会社のウェブサイトで入手できます。,be動詞の補語として、申込書の状態を表す形容詞を選ぶ。,"[""形容詞「入手できる」。isの補語になる。"", ""名詞「入手可能性」。この主語の状態を説明できない。"", ""副詞。ここでは補語となる形容詞が必要。"", ""動詞「役立つ」。isの直後に原形は置けない。""]",False,ウェブ上の申込書の入手可否という自然な案内。,"{""verdict"": ""pass-after-review"", ""evidence"": ""be動詞の補語として、申込書の状態を表す形容詞を選ぶ。""}","{""verdict"": ""single-best-answer-after-review"", ""answer"": ""available"", ""evidence"": ""availableは状態を表す補語。他3語ではこの補語を作れない。""}","{""text"": ""改訂された申込書は現在、会社のウェブサイトで入手できます。"", ""review"": ""availableを「入手できる」と訳し、申込書が利用可能という意味を保持。""}","{""takeaway"": ""be動詞の補語として、申込書の状態を表す形容詞を選ぶ。"", ""review"": ""4選択肢を文に代入し、上記の各理由と照合。availableは状態を表す補語。他3語ではこの補語を作れない。""}","{""level"": ""基礎〜中級（編集上の目安・実測校正なし）"", ""scope"": ""品詞"", ""context"": ""ウェブ上の申込書の入手可否という自然な案内。""}","{""exactSentence"": ""全180文に完全一致なし"", ""relatedItems"": [], ""assessment"": ""全文の重複なし。分野内の反復は練習設計として維持。""}",[],,
p5-002,品詞,practice,"[""日々の練習"", ""分野別"", ""問題選択"", ""論点別"", ""復習""]","[""pos-adverb""]",Please ensure that all figures in the final report are ------- accurate.,"[""completes"", ""complete"", ""completely"", ""completion""]",2,最終報告書のすべての数値が完全に正確であることを確認してください。,形容詞accurateを修飾するのは副詞。,"[""動詞の三人称単数形。文の構造に合わない。"", ""形容詞「完全な」。accurateの程度を修飾できない。"", ""副詞「完全に」。accurateを修飾する。"", ""名詞「完了」。この位置には入らない。""]",False,報告書の数値の正確さを確かめる業務依頼。,"{""verdict"": ""pass-after-review"", ""evidence"": ""形容詞accurateを修飾するのは副詞。""}","{""verdict"": ""single-best-answer-after-review"", ""answer"": ""completely"", ""evidence"": ""accurateの程度を修飾するcompletelyのみが副詞。""}","{""text"": ""最終報告書のすべての数値が完全に正確であることを確認してください。"", ""review"": ""figuresは図形ではなく数値と訳されている。""}","{""takeaway"": ""形容詞accurateを修飾するのは副詞。"", ""review"": ""4選択肢を文に代入し、上記の各理由と照合。accurateの程度を修飾するcompletelyのみが副詞。""}","{""level"": ""基礎〜中級（編集上の目安・実測校正なし）"", ""scope"": ""品詞"", ""context"": ""報告書の数値の正確さを確かめる業務依頼。""}","{""exactSentence"": ""全180文に完全一致なし"", ""relatedItems"": [], ""assessment"": ""全文の重複なし。分野内の反復は練習設計として維持。""}",[],,
p5-003,品詞,practice,"[""日々の練習"", ""分野別"", ""問題選択"", ""論点別"", ""復習""]","[""pos-noun""]",The selection committee praised Ms. Ito for her ------- to improving customer service.,"[""dedication"", ""dedicatedly"", ""dedicate"", ""dedicated""]",0,選考委員会は顧客サービス改善への伊藤さんの献身を称賛しました。,herの後ろに、forの目的語となる名詞が必要。,"[""名詞「献身」。dedication toという形を作る。"", ""副詞「献身的に」。名詞の位置には置けない。"", ""動詞「捧げる」。herの後ろの名詞の位置には使えない。"", ""形容詞「献身的な」。ここでは後ろに修飾する名詞がない。""]",False,顧客サービスへの献身を表彰する場面。,"{""verdict"": ""pass-after-review"", ""evidence"": ""herの後ろに、forの目的語となる名詞が必要。""}","{""verdict"": ""single-best-answer-after-review"", ""answer"": ""dedication"", ""evidence"": ""her dedicationがforの目的語となり、to improvingにもつながる。""}","{""text"": ""選考委員会は顧客サービス改善への伊藤さんの献身を称賛しました。"", ""review"": ""Ms.を性別呼称で固定せず伊藤さんとして自然。""}","{""takeaway"": ""herの後ろに、forの目的語となる名詞が必要。"", ""review"": ""4選択肢を文に代入し、上記の各理由と照合。her dedicationがforの目的語となり、to improvingにもつながる。""}","{""level"": ""基礎〜中級（編集上の目安・実測校正なし）"", ""scope"": ""品詞"", ""context"": ""顧客サービスへの献身を表彰する場面。""}","{""exactSentence"": ""全180文に完全一致なし"", ""relatedItems"": [], ""assessment"": ""全文の重複なし。分野内の反復は練習設計として維持。""}",[],,
p5-004,品詞,practice,"[""日々の練習"", ""分野別"", ""問題選択"", ""論点別"", ""復習""]","[""pos-adjective""]","After a brief inspection, the technician confirmed that the equipment was fully -------.","[""operate"", ""operationally"", ""operational"", ""operation""]",2,簡単な点検後、技術者は機器が完全に稼働可能であると確認しました。,この文では機器の稼働状態を表す形容詞がwasの補語になる。fullyはその形容詞を修飾する。,"[""動詞「作動する」。wasの後ろに原形は続かない。"", ""副詞「運用上」。補語となる形容詞がない。"", ""形容詞「稼働可能な」。fully operationalで完全に稼働可能。"", ""名詞「運転・業務」。状態を表す補語として不適切。""]",True,機器点検後の稼働状態の報告。,"{""verdict"": ""pass-after-review"", ""evidence"": ""この文では機器の稼働状態を表す形容詞がwasの補語になる。fullyはその形容詞を修飾する。""}","{""verdict"": ""single-best-answer-after-review"", ""answer"": ""operational"", ""evidence"": ""fully operationalのみがこの状態補語に適する。""}","{""text"": ""簡単な点検後、技術者は機器が完全に稼働可能であると確認しました。"", ""review"": ""稼働可能と訳してoperationという運転行為と区別。""}","{""takeaway"": ""この文では機器の稼働状態を表す形容詞がwasの補語になる。fullyはその形容詞を修飾する。"", ""review"": ""4選択肢を文に代入し、上記の各理由と照合。fully operationalのみがこの状態補語に適する。""}","{""level"": ""基礎〜中級（編集上の目安・実測校正なし）"", ""scope"": ""品詞"", ""context"": ""機器点検後の稼働状態の報告。""}","{""exactSentence"": ""全180文に完全一致なし"", ""relatedItems"": [], ""assessment"": ""全文の重複なし。分野内の反復は練習設計として維持。""}",[],,
p5-005,品詞,practice,"[""日々の練習"", ""分野別"", ""問題選択"", ""論点別"", ""復習""]","[""pos-noun""]",The board will review the proposal before making a final -------.,"[""decide"", ""decisive"", ""decision"", ""decisively""]",2,取締役会は最終決定を下す前に提案を検討します。,a finalの後ろは単数の可算名詞。make a decisionも手がかり。,"[""動詞「決める」。冠詞の後ろの名詞にならない。"", ""形容詞「決定的な」。finalの後ろに名詞が必要。"", ""名詞「決定」。make a decisionで決定する。"", ""副詞「断固として」。名詞の位置には使えない。""]",False,取締役会の提案審議という典型的な業務文。,"{""verdict"": ""pass-after-review"", ""evidence"": ""a finalの後ろは単数の可算名詞。make a decisionも手がかり。""}","{""verdict"": ""single-best-answer-after-review"", ""answer"": ""decision"", ""evidence"": ""a final decisionが可算名詞句を作る。""}","{""text"": ""取締役会は最終決定を下す前に提案を検討します。"", ""review"": ""make a decisionを決定を下すと自然に訳す。""}","{""takeaway"": ""a finalの後ろは単数の可算名詞。make a decisionも手がかり。"", ""review"": ""4選択肢を文に代入し、上記の各理由と照合。a final decisionが可算名詞句を作る。""}","{""level"": ""基礎〜中級（編集上の目安・実測校正なし）"", ""scope"": ""品詞"", ""context"": ""取締役会の提案審議という典型的な業務文。""}","{""exactSentence"": ""全180文に完全一致なし"", ""relatedItems"": [], ""assessment"": ""全文の重複なし。分野内の反復は練習設計として維持。""}",[],,
p5-006,品詞,practice,"[""日々の練習"", ""分野別"", ""問題選択"", ""論点別"", ""復習""]","[""pos-adverb""]",Customers responded ------- to the store's extended weekend hours.,"[""positives"", ""positive"", ""positively"", ""positivity""]",2,顧客は店の週末営業時間の延長を好意的に受け止めました。,respondedという動作の様子を副詞で説明する。,"[""名詞複数「肯定的側面」。この構文に合わない。"", ""形容詞「好意的な」。動詞respondedの様子を修飾できない。"", ""副詞「好意的に」。respondedを修飾する。"", ""名詞「前向きさ」。respondはここで名詞を直接取らない。""]",False,営業時間延長への顧客反応という自然な文。,"{""verdict"": ""pass-after-review"", ""evidence"": ""respondedという動作の様子を副詞で説明する。""}","{""verdict"": ""single-best-answer-after-review"", ""answer"": ""positively"", ""evidence"": ""responded positivelyの動詞と副詞の関係が決め手。""}","{""text"": ""顧客は店の週末営業時間の延長を好意的に受け止めました。"", ""review"": ""responded toを単なる返答でなく好意的に受け止めたと訳す。""}","{""takeaway"": ""respondedという動作の様子を副詞で説明する。"", ""review"": ""4選択肢を文に代入し、上記の各理由と照合。responded positivelyの動詞と副詞の関係が決め手。""}","{""level"": ""基礎〜中級（編集上の目安・実測校正なし）"", ""scope"": ""品詞"", ""context"": ""営業時間延長への顧客反応という自然な文。""}","{""exactSentence"": ""全180文に完全一致なし"", ""relatedItems"": [], ""assessment"": ""全文の重複なし。分野内の反復は練習設計として維持。""}",[],,
p5-007,品詞,practice,"[""日々の練習"", ""分野別"", ""問題選択"", ""論点別"", ""復習""]","[""pos-adjective""]",A ------- description of the installation procedure is included in the manual.,"[""detailed"", ""detailing"", ""detail"", ""details""]",0,設置手順の詳しい説明がマニュアルに含まれています。,descriptionを修飾する、内容が詳しいという意味の形容詞が必要。,"[""形容詞「詳しい」。detailed descriptionで詳しい説明。"", ""動名詞・現在分詞。詳述する対象を示さず、説明の詳しさを表すこの修飾には適さない。"", ""名詞・動詞「詳細・詳述する」。説明が詳しいという意味の標準的な組み合わせはdetailed description。"", ""複数名詞・動詞形。この位置で説明の詳しさを表す形にはならない。""]",True,設置マニュアルの説明という自然な題材。,"{""verdict"": ""pass-after-review"", ""evidence"": ""descriptionを修飾する、内容が詳しいという意味の形容詞が必要。""}","{""verdict"": ""single-best-answer-after-review"", ""answer"": ""detailed"", ""evidence"": ""detailed descriptionが標準的な語の組み合わせ。名詞修飾一般の禁止と混同しない。""}","{""text"": ""設置手順の詳しい説明がマニュアルに含まれています。"", ""review"": ""installation procedureを設置手順として正確。""}","{""takeaway"": ""descriptionを修飾する、内容が詳しいという意味の形容詞が必要。"", ""review"": ""4選択肢を文に代入し、上記の各理由と照合。detailed descriptionが標準的な語の組み合わせ。名詞修飾一般の禁止と混同しない。""}","{""level"": ""基礎〜中級（編集上の目安・実測校正なし）"", ""scope"": ""品詞"", ""context"": ""設置マニュアルの説明という自然な題材。""}","{""exactSentence"": ""全180文に完全一致なし"", ""relatedItems"": [""p5-a-1-06""], ""assessment"": ""同じ構文・語の復習を含むが、文脈または求める語形が異なり、IDごとの練習として維持。""}",[],,
p5-008,品詞,practice,"[""日々の練習"", ""分野別"", ""問題選択"", ""論点別"", ""復習""]","[""pos-noun""]",The marketing team's ------- helped attract new customers to the online store.,"[""creatively"", ""create"", ""creativity"", ""creates""]",2,マーケティングチームの創造性はオンライン店舗への新規顧客の獲得に役立ちました。,所有格team'sの後ろで、helpedの主語になる名詞を選ぶ。,"[""副詞「創造的に」。主語にならない。"", ""動詞「創造する」。所有格の後ろの名詞にはならない。"", ""名詞「創造性」。所有格に続いて主語になる。"", ""動詞の三人称単数形。所有格の後ろで主語になる名詞が必要。""]",False,チームの創造性による集客という自然な文。,"{""verdict"": ""pass-after-review"", ""evidence"": ""所有格team'sの後ろで、helpedの主語になる名詞を選ぶ。""}","{""verdict"": ""single-best-answer-after-review"", ""answer"": ""creativity"", ""evidence"": ""所有格に続く主語名詞creativityのみ。""}","{""text"": ""マーケティングチームの創造性はオンライン店舗への新規顧客の獲得に役立ちました。"", ""review"": ""helped attractの寄与を役立ったと表し因果を強めすぎていない。""}","{""takeaway"": ""所有格team'sの後ろで、helpedの主語になる名詞を選ぶ。"", ""review"": ""4選択肢を文に代入し、上記の各理由と照合。所有格に続く主語名詞creativityのみ。""}","{""level"": ""基礎〜中級（編集上の目安・実測校正なし）"", ""scope"": ""品詞"", ""context"": ""チームの創造性による集客という自然な文。""}","{""exactSentence"": ""全180文に完全一致なし"", ""relatedItems"": [], ""assessment"": ""全文の重複なし。分野内の反復は練習設計として維持。""}",[],,
p5-009,品詞,practice,"[""日々の練習"", ""分野別"", ""問題選択"", ""論点別"", ""復習""]","[""pos-adverb""]",Visitors should speak ------- while the recording session is in progress.,"[""quieted"", ""quietly"", ""quietness"", ""quieting""]",1,録音中、来訪者は静かに話すようにしてください。,speakの話し方を示す副詞を選ぶ。,"[""動詞quietの過去形・過去分詞。speakの話し方を修飾する形ではない。"", ""副詞「静かに」。speakを修飾する。"", ""名詞「静けさ」。話し方を表す位置に合わない。"", ""動詞quietの現在分詞。ここではspeakを修飾する副詞が必要。""]",True,録音中の来訪者への注意として自然。,"{""verdict"": ""pass-after-review"", ""evidence"": ""speakの話し方を示す副詞を選ぶ。""}","{""verdict"": ""single-best-answer-after-review"", ""answer"": ""quietly"", ""evidence"": ""旧quiet/quieterに副詞的解釈があり差し替え後quietlyのみ。""}","{""text"": ""録音中、来訪者は静かに話すようにしてください。"", ""review"": ""録音中という時間条件と静かにという様態を保持。""}","{""takeaway"": ""speakの話し方を示す副詞を選ぶ。"", ""review"": ""4選択肢を文に代入し、上記の各理由と照合。旧quiet/quieterに副詞的解釈があり差し替え後quietlyのみ。""}","{""level"": ""基礎〜中級（編集上の目安・実測校正なし）"", ""scope"": ""品詞"", ""context"": ""録音中の来訪者への注意として自然。""}","{""exactSentence"": ""全180文に完全一致なし"", ""relatedItems"": [""p5-a-1-02""], ""assessment"": ""同じ構文・語の復習を含むが、文脈または求める語形が異なり、IDごとの練習として維持。""}","[{""url"": ""https://www.merriam-webster.com/dictionary/quiet"", ""finding"": ""quietに副詞用法の明示がある。形容詞だから一律誤りとする旧解説は不正確。"", ""access"": ""web search/full extracted entry 2026-10-02""}]",,
p5-010,品詞,practice,"[""日々の練習"", ""分野別"", ""問題選択"", ""論点別"", ""復習""]",[],The hotel received several ------- comments about its newly renovated lobby.,"[""compliments"", ""compliment"", ""complimentary"", ""complimentarily""]",2,ホテルには改装したばかりのロビーを褒めるコメントがいくつか寄せられました。,commentsを修飾する形容詞。complimentaryには「賞賛する」の意味もある。,"[""複数名詞。commentsの性質を示す標準的な組み合わせではない。"", ""名詞・動詞「賛辞・褒める」。この表現では形容詞complimentaryが自然。"", ""形容詞「賞賛する」。complimentary commentsで好意的なコメント。"", ""副詞「賞賛して」。名詞commentsを直接修飾する位置には合わない。""]",True,改装ロビーへの好意的な評価という自然な文。,"{""verdict"": ""pass-after-review"", ""evidence"": ""commentsを修飾する形容詞。complimentaryには「賞賛する」の意味もある。""}","{""verdict"": ""single-best-answer-after-review"", ""answer"": ""complimentary"", ""evidence"": ""complimentaryの称賛の意味を確認。complimentingの代替解釈を避けた。""}","{""text"": ""ホテルには改装したばかりのロビーを褒めるコメントがいくつか寄せられました。"", ""review"": ""無料のコメントと誤訳せず褒めるコメント。""}","{""takeaway"": ""commentsを修飾する形容詞。complimentaryには「賞賛する」の意味もある。"", ""review"": ""4選択肢を文に代入し、上記の各理由と照合。complimentaryの称賛の意味を確認。complimentingの代替解釈を避けた。""}","{""level"": ""基礎〜中級（編集上の目安・実測校正なし）"", ""scope"": ""品詞"", ""context"": ""改装ロビーへの好意的な評価という自然な文。""}","{""exactSentence"": ""全180文に完全一致なし"", ""relatedItems"": [""p5-079""], ""assessment"": ""同じ構文・語の復習を含むが、文脈または求める語形が異なり、IDごとの練習として維持。""}","[{""url"": ""https://dictionary.cambridge.org/us/dictionary/english/complimentary"", ""finding"": ""称賛を表す形容詞義を確認。分詞の可能性を避ける選択肢変更は編集判断。"", ""access"": ""web search excerpt 2026-10-02; direct page returned 403""}]",,
p5-011,品詞,assessment,"[""チャレンジ01"", ""回答後の復習""]","[""pos-adjective""]",The supplier's failure to deliver on time caused ------- delays throughout the project.,"[""considerable"", ""consider"", ""considerably"", ""consideration""]",0,供給業者の納期遅れはプロジェクト全体に大きな遅延をもたらしました。,delaysの程度を表す形容詞を選ぶ。,"[""形容詞「かなりの」。considerable delaysで大きな遅延。"", ""動詞「考慮する」。この位置に合わない。"", ""副詞「かなり」。名詞delaysを直接修飾できない。"", ""名詞「考慮」。遅延の大きさを表せない。""]",False,納期遅れが全体を遅らせる自然な業務文。,"{""verdict"": ""pass-after-review"", ""evidence"": ""delaysの程度を表す形容詞を選ぶ。""}","{""verdict"": ""single-best-answer-after-review"", ""answer"": ""considerable"", ""evidence"": ""delaysを修飾するconsiderableのみ。""}","{""text"": ""供給業者の納期遅れはプロジェクト全体に大きな遅延をもたらしました。"", ""review"": ""failure to deliver on timeを納期遅れとして自然に簡潔化。""}","{""takeaway"": ""delaysの程度を表す形容詞を選ぶ。"", ""review"": ""4選択肢を文に代入し、上記の各理由と照合。delaysを修飾するconsiderableのみ。""}","{""level"": ""基礎〜中級（編集上の目安・実測校正なし）"", ""scope"": ""品詞"", ""context"": ""納期遅れが全体を遅らせる自然な業務文。""}","{""exactSentence"": ""全180文に完全一致なし"", ""relatedItems"": [], ""assessment"": ""全文の重複なし。分野内の反復は練習設計として維持。""}",[],,
p5-012,品詞,assessment,"[""チャレンジ01"", ""回答後の復習""]","[""pos-adjective""]",All reimbursement requests must be accompanied by ------- receipts.,"[""original"", ""originally"", ""originate"", ""origin""]",0,すべての払い戻し申請には領収書の原本を添付する必要があります。,receiptsを修飾し、原本であることを示す形容詞が必要。,"[""形容詞「原本の」。original receiptsで領収書の原本。"", ""副詞「もともと」。名詞を直接修飾できない。"", ""動詞「始まる」。名詞の修飾に使えない。"", ""名詞「起源」。領収書の原本という意味にならない。""]",False,経費精算に原本を添付する自然な案内。,"{""verdict"": ""pass-after-review"", ""evidence"": ""receiptsを修飾し、原本であることを示す形容詞が必要。""}","{""verdict"": ""single-best-answer-after-review"", ""answer"": ""original"", ""evidence"": ""original receiptsの原本という形容詞用法。""}","{""text"": ""すべての払い戻し申請には領収書の原本を添付する必要があります。"", ""review"": ""reimbursementはこの業務文脈で払い戻しと訳せる。""}","{""takeaway"": ""receiptsを修飾し、原本であることを示す形容詞が必要。"", ""review"": ""4選択肢を文に代入し、上記の各理由と照合。original receiptsの原本という形容詞用法。""}","{""level"": ""基礎〜中級（編集上の目安・実測校正なし）"", ""scope"": ""品詞"", ""context"": ""経費精算に原本を添付する自然な案内。""}","{""exactSentence"": ""全180文に完全一致なし"", ""relatedItems"": [""p5-a-6-06""], ""assessment"": ""同じ構文・語の復習を含むが、文脈または求める語形が異なり、IDごとの練習として維持。""}",[],,
p5-013,品詞,assessment,"[""チャレンジ01"", ""回答後の復習""]","[""pos-adverb"", ""pos-comparison""]",The updated software allows employees to process orders more ------- than before.,"[""efficiency"", ""efficient"", ""efficiencies"", ""efficiently""]",3,更新されたソフトウェアにより、従業員は以前より効率よく注文を処理できます。,moreとthanがあっても、processを修飾する副詞を選ぶ。,"[""名詞「効率」。動詞の修飾にはならない。"", ""形容詞「効率的な」。processを修飾する副詞が必要。"", ""名詞複数。動作の様子を示せない。"", ""副詞「効率よく」。more efficientlyで比較する。""]",False,受注処理ソフトの改善という自然な文。,"{""verdict"": ""pass-after-review"", ""evidence"": ""moreとthanがあっても、processを修飾する副詞を選ぶ。""}","{""verdict"": ""single-best-answer-after-review"", ""answer"": ""efficiently"", ""evidence"": ""比較級でもprocessの様態には副詞efficiently。""}","{""text"": ""更新されたソフトウェアにより、従業員は以前より効率よく注文を処理できます。"", ""review"": ""moreとthan beforeによる以前との比較を保持。""}","{""takeaway"": ""moreとthanがあっても、processを修飾する副詞を選ぶ。"", ""review"": ""4選択肢を文に代入し、上記の各理由と照合。比較級でもprocessの様態には副詞efficiently。""}","{""level"": ""基礎〜中級（編集上の目安・実測校正なし）"", ""scope"": ""品詞"", ""context"": ""受注処理ソフトの改善という自然な文。""}","{""exactSentence"": ""全180文に完全一致なし"", ""relatedItems"": [], ""assessment"": ""全文の重複なし。分野内の反復は練習設計として維持。""}",[],,
p5-014,品詞,assessment,"[""チャレンジ01"", ""回答後の復習""]","[""pos-noun""]",The ------- of the research findings surprised several members of the advisory panel.,"[""signify"", ""significance"", ""significantly"", ""significant""]",1,研究結果の重要性は諮問委員の数名を驚かせました。,Theとofの間に、surprisedの主語となる名詞が必要。,"[""動詞「意味する」。冠詞の後ろに原形は入らない。"", ""名詞「重要性」。the significance ofで〜の重要性。"", ""副詞「著しく」。主語にならない。"", ""形容詞「重要な」。この構文では名詞が必要。""]",False,研究成果の重要性への反応という自然な文。,"{""verdict"": ""pass-after-review"", ""evidence"": ""Theとofの間に、surprisedの主語となる名詞が必要。""}","{""verdict"": ""single-best-answer-after-review"", ""answer"": ""significance"", ""evidence"": ""The significance of以下が主語。他3語は主語名詞にならない。""}","{""text"": ""研究結果の重要性は諮問委員の数名を驚かせました。"", ""review"": ""findingsを研究結果、panelを諮問委員として適切。""}","{""takeaway"": ""Theとofの間に、surprisedの主語となる名詞が必要。"", ""review"": ""4選択肢を文に代入し、上記の各理由と照合。The significance of以下が主語。他3語は主語名詞にならない。""}","{""level"": ""基礎〜中級（編集上の目安・実測校正なし）"", ""scope"": ""品詞"", ""context"": ""研究成果の重要性への反応という自然な文。""}","{""exactSentence"": ""全180文に完全一致なし"", ""relatedItems"": [""p5-a-1-17""], ""assessment"": ""同じ構文・語の復習を含むが、文脈または求める語形が異なり、IDごとの練習として維持。""}",[],,
p5-015,品詞,assessment,"[""チャレンジ01"", ""回答後の復習""]","[""pos-adjective""]",The product launch was postponed because the safety evaluation was still -------.,"[""incomplete"", ""incompleteness"", ""incompletely"", ""incompletion""]",0,安全性の評価がまだ完了していなかったため、製品発売は延期されました。,wasの後ろでevaluationの状態を説明する形容詞を選ぶ。,"[""形容詞「未完了の」。was incompleteで完了していなかった。"", ""名詞「不完全さ」。状態を述べるこの構文に合わない。"", ""副詞「不完全に」。補語となる形容詞が必要。"", ""名詞「未完了」。この文で評価の状態を直接説明できない。""]",False,安全評価未了による発売延期という自然な文。,"{""verdict"": ""pass-after-review"", ""evidence"": ""wasの後ろでevaluationの状態を説明する形容詞を選ぶ。""}","{""verdict"": ""single-best-answer-after-review"", ""answer"": ""incomplete"", ""evidence"": ""incompleteがevaluationの状態を表す。beの後ろは常に形容詞とは教えない。""}","{""text"": ""安全性の評価がまだ完了していなかったため、製品発売は延期されました。"", ""review"": ""未完了という時間的意味を保持。""}","{""takeaway"": ""wasの後ろでevaluationの状態を説明する形容詞を選ぶ。"", ""review"": ""4選択肢を文に代入し、上記の各理由と照合。incompleteがevaluationの状態を表す。beの後ろは常に形容詞とは教えない。""}","{""level"": ""基礎〜中級（編集上の目安・実測校正なし）"", ""scope"": ""品詞"", ""context"": ""安全評価未了による発売延期という自然な文。""}","{""exactSentence"": ""全180文に完全一致なし"", ""relatedItems"": [], ""assessment"": ""全文の重複なし。分野内の反復は練習設計として維持。""}",[],,
p5-016,動詞,practice,"[""日々の練習"", ""分野別"", ""問題選択"", ""論点別"", ""復習""]","[""verb-agreement""]",The list of approved suppliers ------- updated at the beginning of each month.,"[""were"", ""are"", ""is"", ""have""]",2,承認された供給業者の一覧は毎月初めに更新されます。,主語の中心は複数形suppliersではなく単数形list。,"[""複数主語に使う過去形。listと一致しない。"", ""複数主語に使う現在形。listとは一致しない。"", ""単数主語に一致し、is updatedで習慣的な受動態。"", ""have updatedでは主語との一致と受動態の両方が崩れる。""]",False,仕入先リストの毎月更新という自然な規程。,"{""verdict"": ""pass-after-review"", ""evidence"": ""主語の中心は複数形suppliersではなく単数形list。""}","{""verdict"": ""single-best-answer-after-review"", ""answer"": ""is"", ""evidence"": ""単数listと受動態にisのみが一致。""}","{""text"": ""承認された供給業者の一覧は毎月初めに更新されます。"", ""review"": ""毎月初めという習慣が訳に反映。""}","{""takeaway"": ""主語の中心は複数形suppliersではなく単数形list。"", ""review"": ""4選択肢を文に代入し、上記の各理由と照合。単数listと受動態にisのみが一致。""}","{""level"": ""基礎〜中級（編集上の目安・実測校正なし）"", ""scope"": ""動詞・時制・態"", ""context"": ""仕入先リストの毎月更新という自然な規程。""}","{""exactSentence"": ""全180文に完全一致なし"", ""relatedItems"": [""p5-a-2-05""], ""assessment"": ""同じ構文・語の復習を含むが、文脈または求める語形が異なり、IDごとの練習として維持。""}",[],,
p5-017,動詞,practice,"[""日々の練習"", ""分野別"", ""問題選択"", ""論点別"", ""復習""]","[""verb-tense"", ""verb-nonfinite""]","By the time the guests arrived, the catering staff ------- all the tables.","[""had set"", ""will set"", ""setting"", ""has set""]",0,来客が到着するまでに、ケータリングスタッフはすべてのテーブルの準備を終えていました。,過去の到着より前の完了をhad＋過去分詞で表す。,"[""過去完了。arrivedより前に準備が完了したことを示す。"", ""未来形。過去の到着より前という流れに合わない。"", ""現在分詞だけでは主節の述語にならない。"", ""現在完了。過去の到着を基準にする文と合わない。""]",False,到着前に配膳準備が終わる時系列が明瞭。,"{""verdict"": ""pass-after-review"", ""evidence"": ""過去の到着より前の完了をhad＋過去分詞で表す。""}","{""verdict"": ""single-best-answer-after-review"", ""answer"": ""had set"", ""evidence"": ""had setはarrivedより前の完了。settingは述語を欠く。""}","{""text"": ""来客が到着するまでに、ケータリングスタッフはすべてのテーブルの準備を終えていました。"", ""review"": ""tablesを机の設置ではなくテーブルの準備と訳す。""}","{""takeaway"": ""過去の到着より前の完了をhad＋過去分詞で表す。"", ""review"": ""4選択肢を文に代入し、上記の各理由と照合。had setはarrivedより前の完了。settingは述語を欠く。""}","{""level"": ""基礎〜中級（編集上の目安・実測校正なし）"", ""scope"": ""動詞・時制・態"", ""context"": ""到着前に配膳準備が終わる時系列が明瞭。""}","{""exactSentence"": ""全180文に完全一致なし"", ""relatedItems"": [], ""assessment"": ""全文の重複なし。分野内の反復は練習設計として維持。""}",[],,
p5-018,動詞,practice,"[""日々の練習"", ""分野別"", ""問題選択"", ""論点別"", ""復習""]","[""verb-passive""]",All expense reports must ------- by a department manager before payment is issued.,"[""approved"", ""be approving"", ""be approved"", ""approve""]",2,支払い前に、すべての経費報告は部門管理者の承認を受ける必要があります。,reportsは承認される側。mustの後ろに受動態の原形を置く。,"[""過去分詞だけではmustに続けられない。"", ""能動の進行形。報告書が承認するという意味になる。"", ""must be approvedで承認されなければならない。"", ""能動態。報告書自身が承認することになり不適切。""]",False,支払い前の経費承認という自然な規程。,"{""verdict"": ""pass-after-review"", ""evidence"": ""reportsは承認される側。mustの後ろに受動態の原形を置く。""}","{""verdict"": ""single-best-answer-after-review"", ""answer"": ""be approved"", ""evidence"": ""must be approvedが受動態。reportsは承認する主体ではない。""}","{""text"": ""支払い前に、すべての経費報告は部門管理者の承認を受ける必要があります。"", ""review"": ""byの承認者とbeforeの順序を保持。""}","{""takeaway"": ""reportsは承認される側。mustの後ろに受動態の原形を置く。"", ""review"": ""4選択肢を文に代入し、上記の各理由と照合。must be approvedが受動態。reportsは承認する主体ではない。""}","{""level"": ""基礎〜中級（編集上の目安・実測校正なし）"", ""scope"": ""動詞・時制・態"", ""context"": ""支払い前の経費承認という自然な規程。""}","{""exactSentence"": ""全180文に完全一致なし"", ""relatedItems"": [""p5-a-2-02""], ""assessment"": ""同じ構文・語の復習を含むが、文脈または求める語形が異なり、IDごとの練習として維持。""}",[],,
p5-019,動詞,practice,"[""日々の練習"", ""分野別"", ""問題選択"", ""論点別"", ""復習""]","[""verb-tense""]",The company ------- its first overseas office in Singapore last April.,"[""opens"", ""opened"", ""has opened"", ""opening""]",1,その会社はこの前の4月にシンガポールで初の海外事務所を開設しました。,last Aprilという完結した過去の時点には過去形。,"[""現在形。last Aprilに合わない。"", ""過去形。この前の4月の出来事を表す。"", ""現在完了は通常last Aprilのような過去の特定時点と併用しない。"", ""現在分詞だけでは述語にならない。""]",True,シンガポール支社開設の過去の報告。,"{""verdict"": ""pass-after-review"", ""evidence"": ""last Aprilという完結した過去の時点には過去形。""}","{""verdict"": ""single-best-answer-after-review"", ""answer"": ""opened"", ""evidence"": ""last Aprilという完結時点でopened。""}","{""text"": ""その会社はこの前の4月にシンガポールで初の海外事務所を開設しました。"", ""review"": ""last Aprilを必ず昨年と固定していた点をこの前の4月に修正。""}","{""takeaway"": ""last Aprilという完結した過去の時点には過去形。"", ""review"": ""4選択肢を文に代入し、上記の各理由と照合。last Aprilという完結時点でopened。""}","{""level"": ""基礎〜中級（編集上の目安・実測校正なし）"", ""scope"": ""動詞・時制・態"", ""context"": ""シンガポール支社開設の過去の報告。""}","{""exactSentence"": ""全180文に完全一致なし"", ""relatedItems"": [], ""assessment"": ""全文の重複なし。分野内の反復は練習設計として維持。""}",[],,
p5-020,動詞,practice,"[""日々の練習"", ""分野別"", ""問題選択"", ""論点別"", ""復習""]","[""verb-nonfinite""]",The purchasing manager suggested ------- a second quote before signing the contract.,"[""obtained"", ""obtains"", ""obtain"", ""obtaining""]",3,購買部長は契約前にもう一つ見積もりを取ることを提案しました。,suggestの後ろで行為を目的語にするときは動名詞。,"[""過去形・過去分詞。この位置に合わない。"", ""三人称単数の動詞。suggestedの目的語にはならない。"", ""原形をそのまま目的語にできない。"", ""動名詞。suggest obtainingで取得を提案する。""]",False,相見積もりの提案という自然な業務文。,"{""verdict"": ""pass-after-review"", ""evidence"": ""suggestの後ろで行為を目的語にするときは動名詞。""}","{""verdict"": ""single-best-answer-after-review"", ""answer"": ""obtaining"", ""evidence"": ""suggested obtainingが行為の目的語を取る。""}","{""text"": ""購買部長は契約前にもう一つ見積もりを取ることを提案しました。"", ""review"": ""a second quoteをもう一つの見積もりとして適切。""}","{""takeaway"": ""suggestの後ろで行為を目的語にするときは動名詞。"", ""review"": ""4選択肢を文に代入し、上記の各理由と照合。suggested obtainingが行為の目的語を取る。""}","{""level"": ""基礎〜中級（編集上の目安・実測校正なし）"", ""scope"": ""動詞・時制・態"", ""context"": ""相見積もりの提案という自然な業務文。""}","{""exactSentence"": ""全180文に完全一致なし"", ""relatedItems"": [""p5-a-2-03""], ""assessment"": ""同じ構文・語の復習を含むが、文脈または求める語形が異なり、IDごとの練習として維持。""}",[],,
p5-021,動詞,practice,"[""日々の練習"", ""分野別"", ""問題選択"", ""論点別"", ""復習""]","[""verb-tense"", ""verb-passive"", ""verb-nonfinite""]",The workshop ------- in Room 402 next Friday has already attracted fifty participants.,"[""holds"", ""has held"", ""holding"", ""to be held""]",3,来週金曜日に402号室で開催予定の研修には、すでに50人が参加を申し込んでいます。,主節の動詞はhas attracted。空所はworkshopを修飾する受動の不定詞。,"[""現在形の動詞。主節の動詞が重複する。"", ""現在完了の動詞。主節の動詞が重複する。"", ""能動の分詞。workshopが何かを開催する意味になる。"", ""開催される予定の、という修飾を作る。""]",False,未来の研修開催と現在までの関心を併記。,"{""verdict"": ""pass-after-review"", ""evidence"": ""主節の動詞はhas attracted。空所はworkshopを修飾する受動の不定詞。""}","{""verdict"": ""single-best-answer-after-review"", ""answer"": ""to be held"", ""evidence"": ""主動詞has attractedと区別し、workshopを受動不定詞で修飾。""}","{""text"": ""来週金曜日に402号室で開催予定の研修には、すでに50人が参加を申し込んでいます。"", ""review"": ""参加申込みはattracted participantsの文脈に沿う自然な意訳。""}","{""takeaway"": ""主節の動詞はhas attracted。空所はworkshopを修飾する受動の不定詞。"", ""review"": ""4選択肢を文に代入し、上記の各理由と照合。主動詞has attractedと区別し、workshopを受動不定詞で修飾。""}","{""level"": ""基礎〜中級（編集上の目安・実測校正なし）"", ""scope"": ""動詞・時制・態"", ""context"": ""未来の研修開催と現在までの関心を併記。""}","{""exactSentence"": ""全180文に完全一致なし"", ""relatedItems"": [], ""assessment"": ""全文の重複なし。分野内の反復は練習設計として維持。""}",[],,
p5-022,動詞,practice,"[""日々の練習"", ""分野別"", ""問題選択"", ""論点別"", ""復習""]","[""verb-tense""]",Sales figures ------- steadily since the new advertising campaign began.,"[""rose"", ""have risen"", ""had risen"", ""rise""]",1,新しい広告キャンペーンが始まって以来、売上は着実に増加しています。,sinceで始まる過去の起点から現在までの変化を現在完了で表す。,"[""単純過去。現在までの推移には現在完了が適切。"", ""現在完了。have risenで現在まで増加している。"", ""過去完了。基準となる別の過去時点がない。"", ""現在形だけでは過去から現在までの推移を表せない。""]",False,広告開始以来の売上推移という自然な文。,"{""verdict"": ""pass-after-review"", ""evidence"": ""sinceで始まる過去の起点から現在までの変化を現在完了で表す。""}","{""verdict"": ""single-best-answer-after-review"", ""answer"": ""have risen"", ""evidence"": ""この独立文には過去完了の別の基準点がなくhave risenが適切。""}","{""text"": ""新しい広告キャンペーンが始まって以来、売上は着実に増加しています。"", ""review"": ""現在まで続く売上増を増加していますで表す。""}","{""takeaway"": ""sinceで始まる過去の起点から現在までの変化を現在完了で表す。"", ""review"": ""4選択肢を文に代入し、上記の各理由と照合。この独立文には過去完了の別の基準点がなくhave risenが適切。""}","{""level"": ""基礎〜中級（編集上の目安・実測校正なし）"", ""scope"": ""動詞・時制・態"", ""context"": ""広告開始以来の売上推移という自然な文。""}","{""exactSentence"": ""全180文に完全一致なし"", ""relatedItems"": [""p5-a-2-01""], ""assessment"": ""同じ構文・語の復習を含むが、文脈または求める語形が異なり、IDごとの練習として維持。""}",[],,
p5-023,動詞,practice,"[""日々の練習"", ""分野別"", ""問題選択"", ""論点別"", ""復習""]","[""verb-nonfinite""]",The new security procedure requires visitors ------- identification at the front desk.,"[""showing"", ""shown"", ""to show"", ""showed""]",2,新しい警備手順では来訪者に受付で身分証の提示を求めています。,require＋人＋to doで、人に〜することを求める。,"[""動名詞。require visitors to showの形が必要。"", ""過去分詞。提示するのは来訪者であり構文も不適切。"", ""to不定詞。require visitors to showの形になる。"", ""過去形。requiresの後ろに別の過去形は置けない。""]",False,来訪者の身分確認という自然な規程。,"{""verdict"": ""pass-after-review"", ""evidence"": ""require＋人＋to doで、人に〜することを求める。""}","{""verdict"": ""single-best-answer-after-review"", ""answer"": ""to show"", ""evidence"": ""require visitors to showの目的語＋不定詞。""}","{""text"": ""新しい警備手順では来訪者に受付で身分証の提示を求めています。"", ""review"": ""identificationは同定行為ではなく身分証。""}","{""takeaway"": ""require＋人＋to doで、人に〜することを求める。"", ""review"": ""4選択肢を文に代入し、上記の各理由と照合。require visitors to showの目的語＋不定詞。""}","{""level"": ""基礎〜中級（編集上の目安・実測校正なし）"", ""scope"": ""動詞・時制・態"", ""context"": ""来訪者の身分確認という自然な規程。""}","{""exactSentence"": ""全180文に完全一致なし"", ""relatedItems"": [""p5-a-2-06""], ""assessment"": ""同じ構文・語の復習を含むが、文脈または求める語形が異なり、IDごとの練習として維持。""}",[],,
p5-024,動詞,practice,"[""日々の練習"", ""分野別"", ""問題選択"", ""論点別"", ""復習""]","[""verb-nonfinite""]",The warehouse supervisor had the damaged shelves ------- before the inspection.,"[""replacement"", ""replace"", ""replacing"", ""replaced""]",3,倉庫の責任者は検査前に破損した棚を交換してもらいました。,have＋物＋過去分詞で、物を〜してもらう。,"[""名詞「交換」。使役の補語には過去分詞が必要。"", ""原形。棚自身が交換する能動の意味になってしまう。"", ""現在分詞。棚が交換する側になる。"", ""過去分詞。棚を交換してもらったことを表す。""]",False,点検前に棚を交換してもらう自然な作業報告。,"{""verdict"": ""pass-after-review"", ""evidence"": ""have＋物＋過去分詞で、物を〜してもらう。""}","{""verdict"": ""single-best-answer-after-review"", ""answer"": ""replaced"", ""evidence"": ""shelvesが交換される関係なのでreplaced。""}","{""text"": ""倉庫の責任者は検査前に破損した棚を交換してもらいました。"", ""review"": ""使役受動の依頼を交換してもらったと保持。""}","{""takeaway"": ""have＋物＋過去分詞で、物を〜してもらう。"", ""review"": ""4選択肢を文に代入し、上記の各理由と照合。shelvesが交換される関係なのでreplaced。""}","{""level"": ""基礎〜中級（編集上の目安・実測校正なし）"", ""scope"": ""動詞・時制・態"", ""context"": ""点検前に棚を交換してもらう自然な作業報告。""}","{""exactSentence"": ""全180文に完全一致なし"", ""relatedItems"": [], ""assessment"": ""全文の重複なし。分野内の反復は練習設計として維持。""}",[],,
p5-025,動詞,practice,"[""日々の練習"", ""分野別"", ""問題選択"", ""論点別"", ""復習""]","[""verb-tense"", ""verb-condition""]","Unless demand increases, the factory ------- an additional production line next year.","[""has not added"", ""had not added"", ""will not add"", ""did not add""]",2,需要が増えない限り、工場は来年、生産ラインを追加しません。,条件節は現在形、未来の結果を表す主節はwillを使える。,"[""現在完了。来年の結果を述べる形に合わない。"", ""過去完了。未来の条件と結果には不適切。"", ""未来の否定。next yearと条件の内容に合う。"", ""過去形。来年という時点に合わない。""]",False,需要次第の設備増設という自然な予測。,"{""verdict"": ""pass-after-review"", ""evidence"": ""条件節は現在形、未来の結果を表す主節はwillを使える。""}","{""verdict"": ""single-best-answer-after-review"", ""answer"": ""will not add"", ""evidence"": ""next yearの条件付き結果にwill not add。""}","{""text"": ""需要が増えない限り、工場は来年、生産ラインを追加しません。"", ""review"": ""unlessの否定条件を増えない限りと保持。""}","{""takeaway"": ""条件節は現在形、未来の結果を表す主節はwillを使える。"", ""review"": ""4選択肢を文に代入し、上記の各理由と照合。next yearの条件付き結果にwill not add。""}","{""level"": ""基礎〜中級（編集上の目安・実測校正なし）"", ""scope"": ""動詞・時制・態"", ""context"": ""需要次第の設備増設という自然な予測。""}","{""exactSentence"": ""全180文に完全一致なし"", ""relatedItems"": [], ""assessment"": ""全文の重複なし。分野内の反復は練習設計として維持。""}",[],,
p5-026,動詞,assessment,"[""チャレンジ01"", ""回答後の復習""]","[""verb-agreement""]",Neither the director nor the team leaders ------- available for a meeting this afternoon.,"[""was"", ""are"", ""has"", ""is""]",1,部長もチームリーダーたちも、今日の午後は会議に出られません。,neither A nor Bでは近い主語Bとの一致を確認する。,"[""単数過去形。team leadersと一致しない。"", ""複数形。team leadersに一致する。"", ""haveの単数形。availableを補語にするbe動詞が必要。"", ""単数形。近い主語team leadersは複数。""]",False,会議に出られない参加者の予定調整。,"{""verdict"": ""pass-after-review"", ""evidence"": ""neither A nor Bでは近い主語Bとの一致を確認する。""}","{""verdict"": ""single-best-answer-after-review"", ""answer"": ""are"", ""evidence"": ""最も近い複数主語team leadersにareが一致。""}","{""text"": ""部長もチームリーダーたちも、今日の午後は会議に出られません。"", ""review"": ""neither/norの両方否定を保持。""}","{""takeaway"": ""neither A nor Bでは近い主語Bとの一致を確認する。"", ""review"": ""4選択肢を文に代入し、上記の各理由と照合。最も近い複数主語team leadersにareが一致。""}","{""level"": ""中級（編集上の目安・実測校正なし）"", ""scope"": ""動詞・時制・態"", ""context"": ""会議に出られない参加者の予定調整。""}","{""exactSentence"": ""全180文に完全一致なし"", ""relatedItems"": [], ""assessment"": ""全文の重複なし。分野内の反復は練習設計として維持。""}",[],,
p5-027,動詞,assessment,"[""チャレンジ01"", ""回答後の復習""]",[],The manager insisted that every employee should ------- the safety briefing before entering the site.,"[""attends"", ""attend"", ""attended"", ""attending""]",1,管理者は現場に入る前に全従業員が安全説明に参加するよう強く求めました。,shouldの後ろには動詞の原形を置く。insistはこの文では参加を強く求める意味。,"[""三人称単数現在形。助動詞shouldの直後は原形にする。"", ""原形。should attendで参加すべきだという要求を表す。"", ""過去形。shouldの直後に過去形は置けない。"", ""現在分詞。shouldの直後にそのまま続けられない。""]",True,安全説明の受講要求として自然。,"{""verdict"": ""pass-after-review"", ""evidence"": ""shouldの後ろには動詞の原形を置く。insistはこの文では参加を強く求める意味。""}","{""verdict"": ""single-best-answer-after-review"", ""answer"": ""attend"", ""evidence"": ""旧文はinsistの事実主張でも成立。shouldを入れattendに限定。""}","{""text"": ""管理者は現場に入る前に全従業員が安全説明に参加するよう強く求めました。"", ""review"": ""should追加後も参加するよう強く求めたという訳が一致。""}","{""takeaway"": ""shouldの後ろには動詞の原形を置く。insistはこの文では参加を強く求める意味。"", ""review"": ""4選択肢を文に代入し、上記の各理由と照合。旧文はinsistの事実主張でも成立。shouldを入れattendに限定。""}","{""level"": ""中級（編集上の目安・実測校正なし）"", ""scope"": ""動詞・時制・態"", ""context"": ""安全説明の受講要求として自然。""}","{""exactSentence"": ""全180文に完全一致なし"", ""relatedItems"": [], ""assessment"": ""全文の重複なし。分野内の反復は練習設計として維持。""}","[{""url"": ""https://dictionary.cambridge.org/us/dictionary/english/insist"", ""finding"": ""要求する意味と、事実を強く主張する意味の両方がある。旧文で過去形を排除する根拠が足りない。"", ""access"": ""web search excerpt 2026-10-02; direct page returned 403""}]",,
p5-028,動詞,assessment,"[""チャレンジ01"", ""回答後の復習""]","[""verb-nonfinite""]",The accountant is accustomed to ------- detailed records of every transaction.,"[""keeps"", ""to keep"", ""kept"", ""keeping""]",3,その会計士はすべての取引の詳細な記録を残すことに慣れています。,この文ではbe accustomed toのtoを前置詞として、後ろに動名詞keepingを続ける。,"[""三単現。前置詞の目的語にならない。"", ""toをもう一つ入れるとto to keepとなり、構文が成立しない。"", ""過去形・過去分詞。ここで行為を表す前置詞の目的語に合わない。"", ""動名詞。keeping recordsという行為に慣れている。""]",True,会計士の記録業務への慣れという自然な文。,"{""verdict"": ""pass-after-review"", ""evidence"": ""この文ではbe accustomed toのtoを前置詞として、後ろに動名詞keepingを続ける。""}","{""verdict"": ""single-best-answer-after-review"", ""answer"": ""keeping"", ""evidence"": ""keepの異構文問題を避けto keepに変更し、keepingを一意にした。""}","{""text"": ""その会計士はすべての取引の詳細な記録を残すことに慣れています。"", ""review"": ""accustomedを義務ではなく慣れていると正確に訳す。""}","{""takeaway"": ""この文ではbe accustomed toのtoを前置詞として、後ろに動名詞keepingを続ける。"", ""review"": ""4選択肢を文に代入し、上記の各理由と照合。keepの異構文問題を避けto keepに変更し、keepingを一意にした。""}","{""level"": ""中級（編集上の目安・実測校正なし）"", ""scope"": ""動詞・時制・態"", ""context"": ""会計士の記録業務への慣れという自然な文。""}","{""exactSentence"": ""全180文に完全一致なし"", ""relatedItems"": [], ""assessment"": ""全文の重複なし。分野内の反復は練習設計として維持。""}","[{""url"": ""https://www.merriam-webster.com/simple/accustomed"", ""finding"": ""accustomed toの後ろに名詞または動名詞が来る慣用形を確認。異用法に依存しないようto keepへ変更。"", ""access"": ""web search extracted entry 2026-10-02""}]",,
p5-029,動詞,assessment,"[""チャレンジ01"", ""回答後の復習""]","[""verb-passive"", ""verb-nonfinite""]","------- in three languages, the brochure is intended for international visitors.","[""Printed"", ""To print"", ""Printing"", ""Prints""]",0,3言語で印刷されたそのパンフレットは海外からの来訪者向けです。,主語brochureが印刷される側なので、受動の過去分詞で始める。,"[""過去分詞。パンフレットが印刷されていることを表す。"", ""能動の不定詞。パンフレット自身の印刷目的という構造は不適切。"", ""能動の現在分詞。パンフレットが印刷する側になる。"", ""定形動詞。文頭の修飾句として使えない。""]",False,多言語パンフレットの紹介として自然。,"{""verdict"": ""pass-after-review"", ""evidence"": ""主語brochureが印刷される側なので、受動の過去分詞で始める。""}","{""verdict"": ""single-best-answer-after-review"", ""answer"": ""Printed"", ""evidence"": ""brochureが印刷されるのでPrinted。dangling modifierはない。""}","{""text"": ""3言語で印刷されたそのパンフレットは海外からの来訪者向けです。"", ""review"": ""3言語と海外来訪者の用途を保持。""}","{""takeaway"": ""主語brochureが印刷される側なので、受動の過去分詞で始める。"", ""review"": ""4選択肢を文に代入し、上記の各理由と照合。brochureが印刷されるのでPrinted。dangling modifierはない。""}","{""level"": ""基礎〜中級（編集上の目安・実測校正なし）"", ""scope"": ""動詞・時制・態"", ""context"": ""多言語パンフレットの紹介として自然。""}","{""exactSentence"": ""全180文に完全一致なし"", ""relatedItems"": [""p5-a-2-04""], ""assessment"": ""同じ構文・語の復習を含むが、文脈または求める語形が異なり、IDごとの練習として維持。""}",[],,
p5-030,動詞,assessment,"[""チャレンジ01"", ""回答後の復習""]","[""verb-tense"", ""verb-nonfinite"", ""verb-condition""]","If the delivery had arrived yesterday, we ------- the installation by now.","[""will complete"", ""have completed"", ""would have completed"", ""complete""]",2,配送が昨日届いていれば、今ごろ設置を終えていたでしょう。,実際には起こらなかった過去の条件には、would have＋過去分詞で結果を表す。,"[""単純未来。過去に反する条件との対応がない。"", ""現在完了。反実仮想の結果を表せない。"", ""would have completedで完了していただろうという結果。"", ""現在形。反実仮想の結果にならない。""]",False,到着しなかった荷物を仮定する自然な反実文。,"{""verdict"": ""pass-after-review"", ""evidence"": ""実際には起こらなかった過去の条件には、would have＋過去分詞で結果を表す。""}","{""verdict"": ""single-best-answer-after-review"", ""answer"": ""would have completed"", ""evidence"": ""had arrivedに対応しwould have completed。""}","{""text"": ""配送が昨日届いていれば、今ごろ設置を終えていたでしょう。"", ""review"": ""by nowを今ごろ、反実を終えていたでしょうで保持。""}","{""takeaway"": ""実際には起こらなかった過去の条件には、would have＋過去分詞で結果を表す。"", ""review"": ""4選択肢を文に代入し、上記の各理由と照合。had arrivedに対応しwould have completed。""}","{""level"": ""中級（編集上の目安・実測校正なし）"", ""scope"": ""動詞・時制・態"", ""context"": ""到着しなかった荷物を仮定する自然な反実文。""}","{""exactSentence"": ""全180文に完全一致なし"", ""relatedItems"": [], ""assessment"": ""全文の重複なし。分野内の反復は練習設計として維持。""}",[],,
p5-031,接続・関係詞,practice,"[""日々の練習"", ""分野別"", ""問題選択"", ""論点別"", ""復習""]","[""link-clause"", ""link-logic""]","------- the conference room was unavailable, the meeting was held in the cafeteria.","[""During"", ""Owing to"", ""Because"", ""Despite""]",2,会議室が使えなかったため、会議は食堂で行われました。,後ろは主語＋動詞を持つ節。理由を表す接続詞が必要。,"[""前置詞「〜の間」。後ろに節は置けない。"", ""前置詞句「〜のため」。後ろには名詞句が必要。"", ""接続詞「〜なので」。理由の節を導く。"", ""前置詞「〜にもかかわらず」。このまま節を続けられない。""]",False,会議室使用不可による場所変更という自然な連絡。,"{""verdict"": ""pass-after-review"", ""evidence"": ""後ろは主語＋動詞を持つ節。理由を表す接続詞が必要。""}","{""verdict"": ""single-best-answer-after-review"", ""answer"": ""Because"", ""evidence"": ""後続が定形節で理由のBecauseのみ。""}","{""text"": ""会議室が使えなかったため、会議は食堂で行われました。"", ""review"": ""原因と食堂への変更が一致。""}","{""takeaway"": ""後ろは主語＋動詞を持つ節。理由を表す接続詞が必要。"", ""review"": ""4選択肢を文に代入し、上記の各理由と照合。後続が定形節で理由のBecauseのみ。""}","{""level"": ""基礎〜中級（編集上の目安・実測校正なし）"", ""scope"": ""接続・関係詞"", ""context"": ""会議室使用不可による場所変更という自然な連絡。""}","{""exactSentence"": ""全180文に完全一致なし"", ""relatedItems"": [""p5-a-3-01""], ""assessment"": ""同じ構文・語の復習を含むが、文脈または求める語形が異なり、IDごとの練習として維持。""}",[],,
p5-032,接続・関係詞,practice,"[""日々の練習"", ""分野別"", ""問題選択"", ""論点別"", ""復習""]","[""link-clause"", ""link-logic""]",The supplier will issue a refund ------- the damaged goods are returned within fourteen days.,"[""in spite of"", ""due to"", ""regardless of"", ""provided that""]",3,破損品が14日以内に返品されれば、供給業者は返金します。,返金の条件を表し、主語＋動詞の節を続けられる表現。,"[""前置詞句。主語＋動詞を直接続けられない。"", ""前置詞句。後ろに名詞句が必要。"", ""前置詞句。後ろに節をこのまま続けられない。"", ""接続詞句「〜という条件で」。返品を返金の条件にする。""]",False,破損品返品の期限付き返金規程。,"{""verdict"": ""pass-after-review"", ""evidence"": ""返金の条件を表し、主語＋動詞の節を続けられる表現。""}","{""verdict"": ""single-best-answer-after-review"", ""answer"": ""provided that"", ""evidence"": ""節を導けるprovided thatが条件を作る。""}","{""text"": ""破損品が14日以内に返品されれば、供給業者は返金します。"", ""review"": ""14日以内と条件の両方を保持。""}","{""takeaway"": ""返金の条件を表し、主語＋動詞の節を続けられる表現。"", ""review"": ""4選択肢を文に代入し、上記の各理由と照合。節を導けるprovided thatが条件を作る。""}","{""level"": ""基礎〜中級（編集上の目安・実測校正なし）"", ""scope"": ""接続・関係詞"", ""context"": ""破損品返品の期限付き返金規程。""}","{""exactSentence"": ""全180文に完全一致なし"", ""relatedItems"": [], ""assessment"": ""全文の重複なし。分野内の反復は練習設計として維持。""}",[],,
p5-033,接続・関係詞,practice,"[""日々の練習"", ""分野別"", ""問題選択"", ""論点別"", ""復習""]","[""link-clause"", ""link-relative""]",The technician ------- repaired the printer also installed the new scanner.,"[""whose"", ""whom"", ""who"", ""which""]",2,プリンターを修理した技術者は、新しいスキャナーも設置しました。,人を先行詞とし、関係節の主語になる関係代名詞。,"[""所有格。後ろに名詞が必要。"", ""目的格。空所はrepairedの主語。"", ""主格。人technicianを説明する。"", ""通常、物を先行詞とする。ここでは人。""]",False,技術者の二つの作業を関係節でまとめた自然な文。,"{""verdict"": ""pass-after-review"", ""evidence"": ""人を先行詞とし、関係節の主語になる関係代名詞。""}","{""verdict"": ""single-best-answer-after-review"", ""answer"": ""who"", ""evidence"": ""人の主格関係代名詞whoのみ。""}","{""text"": ""プリンターを修理した技術者は、新しいスキャナーも設置しました。"", ""review"": ""修理した人と設置した人が同一である点を保持。""}","{""takeaway"": ""人を先行詞とし、関係節の主語になる関係代名詞。"", ""review"": ""4選択肢を文に代入し、上記の各理由と照合。人の主格関係代名詞whoのみ。""}","{""level"": ""基礎〜中級（編集上の目安・実測校正なし）"", ""scope"": ""接続・関係詞"", ""context"": ""技術者の二つの作業を関係節でまとめた自然な文。""}","{""exactSentence"": ""全180文に完全一致なし"", ""relatedItems"": [""p5-a-3-02""], ""assessment"": ""同じ構文・語の復習を含むが、文脈または求める語形が異なり、IDごとの練習として維持。""}",[],,
p5-034,接続・関係詞,practice,"[""日々の練習"", ""分野別"", ""問題選択"", ""論点別"", ""復習""]","[""link-clause"", ""link-logic""]","------- the initial cost is high, the new lighting system will reduce electricity bills.","[""In addition to"", ""Although"", ""Because of"", ""Despite""]",1,初期費用は高いものの、新しい照明設備は電気代を削減します。,費用が高いことと将来の節約の対比。節を導く接続詞を選ぶ。,"[""前置詞句。追加を表し、後ろに名詞句が必要。"", ""接続詞「〜だけれども」。逆接の節を作る。"", ""前置詞句。後ろの節を直接導けない。"", ""前置詞。the initial cost is highという節に続けられない。""]",False,照明更新の初期費用と節約の対比。,"{""verdict"": ""pass-after-review"", ""evidence"": ""費用が高いことと将来の節約の対比。節を導く接続詞を選ぶ。""}","{""verdict"": ""single-best-answer-after-review"", ""answer"": ""Although"", ""evidence"": ""節を導くAlthoughのみ。他は名詞句を取る。""}","{""text"": ""初期費用は高いものの、新しい照明設備は電気代を削減します。"", ""review"": ""初期費用の高さと電気代削減を逆接で訳す。""}","{""takeaway"": ""費用が高いことと将来の節約の対比。節を導く接続詞を選ぶ。"", ""review"": ""4選択肢を文に代入し、上記の各理由と照合。節を導くAlthoughのみ。他は名詞句を取る。""}","{""level"": ""基礎〜中級（編集上の目安・実測校正なし）"", ""scope"": ""接続・関係詞"", ""context"": ""照明更新の初期費用と節約の対比。""}","{""exactSentence"": ""全180文に完全一致なし"", ""relatedItems"": [""p5-a-3-03""], ""assessment"": ""同じ構文・語の復習を含むが、文脈または求める語形が異なり、IDごとの練習として維持。""}",[],,
p5-035,接続・関係詞,practice,"[""日々の練習"", ""分野別"", ""問題選択"", ""論点別"", ""復習""]","[""link-indirect""]",The consultant asked ------- the company planned to expand into the European market.,"[""despite"", ""unless"", ""whether"", ""during""]",2,コンサルタントは会社が欧州市場への進出を計画しているか尋ねました。,askedの内容として「〜かどうか」という間接疑問を作る。,"[""前置詞。主語＋動詞を直接続けられない。"", ""「〜でない限り」。この質問内容を導けない。"", ""接続詞「〜かどうか」。質問内容を導く。"", ""前置詞。質問内容の節を導けない。""]",False,市場進出予定を尋ねる自然な文。,"{""verdict"": ""pass-after-review"", ""evidence"": ""askedの内容として「〜かどうか」という間接疑問を作る。""}","{""verdict"": ""single-best-answer-after-review"", ""answer"": ""whether"", ""evidence"": ""askedの質問内容をwhether節にする。""}","{""text"": ""コンサルタントは会社が欧州市場への進出を計画しているか尋ねました。"", ""review"": ""planned toは計画しているかとし、進出の決定とはしていない。""}","{""takeaway"": ""askedの内容として「〜かどうか」という間接疑問を作る。"", ""review"": ""4選択肢を文に代入し、上記の各理由と照合。askedの質問内容をwhether節にする。""}","{""level"": ""基礎〜中級（編集上の目安・実測校正なし）"", ""scope"": ""接続・関係詞"", ""context"": ""市場進出予定を尋ねる自然な文。""}","{""exactSentence"": ""全180文に完全一致なし"", ""relatedItems"": [], ""assessment"": ""全文の重複なし。分野内の反復は練習設計として維持。""}",[],,
p5-036,接続・関係詞,practice,"[""日々の練習"", ""分野別"", ""問題選択"", ""論点別"", ""復習""]",[],"The new policy applies to all staff members, ------- of their employment status.","[""although"", ""whereas"", ""unless"", ""regardless""]",3,新しい方針は雇用形態に関係なく全職員に適用されます。,空所の後ろのofと組み合わせてregardless ofを作る。,"[""接続詞。although ofという形にはならない。"", ""接続詞。whereas ofという形にはならない。"", ""接続詞。unless ofという形にはならない。"", ""regardless ofで〜にかかわらず。""]",False,雇用区分を問わない規程の適用。,"{""verdict"": ""pass-after-review"", ""evidence"": ""空所の後ろのofと組み合わせてregardless ofを作る。""}","{""verdict"": ""single-best-answer-after-review"", ""answer"": ""regardless"", ""evidence"": ""既存ofに接続できるregardlessのみ。""}","{""text"": ""新しい方針は雇用形態に関係なく全職員に適用されます。"", ""review"": ""雇用形態に関係なくを保持。""}","{""takeaway"": ""空所の後ろのofと組み合わせてregardless ofを作る。"", ""review"": ""4選択肢を文に代入し、上記の各理由と照合。既存ofに接続できるregardlessのみ。""}","{""level"": ""基礎〜中級（編集上の目安・実測校正なし）"", ""scope"": ""接続・関係詞"", ""context"": ""雇用区分を問わない規程の適用。""}","{""exactSentence"": ""全180文に完全一致なし"", ""relatedItems"": [], ""assessment"": ""全文の重複なし。分野内の反復は練習設計として維持。""}",[],,
p5-037,接続・関係詞,practice,"[""日々の練習"", ""分野別"", ""問題選択"", ""論点別"", ""復習""]","[""link-clause""]",The shipment was delayed ------- a mechanical problem with the delivery truck.,"[""because"", ""owing to"", ""although"", ""so that""]",1,配送トラックの機械的な問題により出荷が遅れました。,後ろは名詞句。原因を表す前置詞句を使う。,"[""接続詞。because ofなら名詞句が続く。"", ""前置詞句「〜が原因で」。名詞句を導ける。"", ""接続詞。後ろに主語＋動詞が必要。"", ""接続詞句。目的・結果の節を導くため不適切。""]",False,トラック故障による配送の遅延。,"{""verdict"": ""pass-after-review"", ""evidence"": ""後ろは名詞句。原因を表す前置詞句を使う。""}","{""verdict"": ""single-best-answer-after-review"", ""answer"": ""owing to"", ""evidence"": ""名詞句a mechanical problemにowing to。""}","{""text"": ""配送トラックの機械的な問題により出荷が遅れました。"", ""review"": ""shipmentは出荷と訳されるが配送の意味もある。遅延原因は一致。""}","{""takeaway"": ""後ろは名詞句。原因を表す前置詞句を使う。"", ""review"": ""4選択肢を文に代入し、上記の各理由と照合。名詞句a mechanical problemにowing to。""}","{""level"": ""基礎〜中級（編集上の目安・実測校正なし）"", ""scope"": ""接続・関係詞"", ""context"": ""トラック故障による配送の遅延。""}","{""exactSentence"": ""全180文に完全一致なし"", ""relatedItems"": [], ""assessment"": ""全文の重複なし。分野内の反復は練習設計として維持。""}",[],,
p5-038,接続・関係詞,practice,"[""日々の練習"", ""分野別"", ""問題選択"", ""論点別"", ""復習""]","[""link-clause"", ""link-logic""]",Please check the attachment ------- you submit the application online.,"[""because of"", ""before"", ""despite"", ""during""]",1,オンラインで申請を送る前に添付ファイルを確認してください。,you submitという節の前に、順序を示す接続詞を置く。,"[""前置詞句。節をそのまま続けられない。"", ""接続詞「〜する前に」。手順を表す。"", ""前置詞。節をそのまま続けられない。"", ""前置詞。節をそのまま続けられない。""]",False,オンライン申請前の添付確認という自然な手順。,"{""verdict"": ""pass-after-review"", ""evidence"": ""you submitという節の前に、順序を示す接続詞を置く。""}","{""verdict"": ""single-best-answer-after-review"", ""answer"": ""before"", ""evidence"": ""you submitという節をbeforeで導く。""}","{""text"": ""オンラインで申請を送る前に添付ファイルを確認してください。"", ""review"": ""beforeを後でと取り違えていない。""}","{""takeaway"": ""you submitという節の前に、順序を示す接続詞を置く。"", ""review"": ""4選択肢を文に代入し、上記の各理由と照合。you submitという節をbeforeで導く。""}","{""level"": ""基礎〜中級（編集上の目安・実測校正なし）"", ""scope"": ""接続・関係詞"", ""context"": ""オンライン申請前の添付確認という自然な手順。""}","{""exactSentence"": ""全180文に完全一致なし"", ""relatedItems"": [], ""assessment"": ""全文の重複なし。分野内の反復は練習設計として維持。""}",[],,
p5-039,接続・関係詞,practice,"[""日々の練習"", ""分野別"", ""問題選択"", ""論点別"", ""復習""]","[""link-relative""]",The company hired a designer ------- portfolio included several award-winning projects.,"[""whose"", ""which"", ""who"", ""whom""]",0,その会社は、受賞作をいくつも作品集に含むデザイナーを採用しました。,designerの所有するportfolioを結ぶ所有格の関係代名詞。,"[""所有格。「その人の作品集が」という関係を作る。"", ""物を示す関係代名詞。人の所有関係を示せない。"", ""主格。後ろのportfolioとの所有関係を示せない。"", ""目的格。portfolioの所有を示せない。""]",False,デザイナーのポートフォリオを使う自然な採用文。,"{""verdict"": ""pass-after-review"", ""evidence"": ""designerの所有するportfolioを結ぶ所有格の関係代名詞。""}","{""verdict"": ""single-best-answer-after-review"", ""answer"": ""whose"", ""evidence"": ""portfolioの所有者を示すwhoseのみ。""}","{""text"": ""その会社は、受賞作をいくつも作品集に含むデザイナーを採用しました。"", ""review"": ""award-winningを受賞作として保持。""}","{""takeaway"": ""designerの所有するportfolioを結ぶ所有格の関係代名詞。"", ""review"": ""4選択肢を文に代入し、上記の各理由と照合。portfolioの所有者を示すwhoseのみ。""}","{""level"": ""中級（編集上の目安・実測校正なし）"", ""scope"": ""接続・関係詞"", ""context"": ""デザイナーのポートフォリオを使う自然な採用文。""}","{""exactSentence"": ""全180文に完全一致なし"", ""relatedItems"": [""p5-a-3-05"", ""p5-044""], ""assessment"": ""同じ構文・語の復習を含むが、文脈または求める語形が異なり、IDごとの練習として維持。""}",[],,
p5-040,接続・関係詞,practice,"[""日々の練習"", ""分野別"", ""問題選択"", ""論点別"", ""復習""]",[],Please retain your receipt ------- you need to exchange the product later.,"[""in case"", ""as if"", ""during"", ""even though""]",0,後で製品を交換する必要が生じた場合に備えて、領収書を保管してください。,将来の可能性への備えを表す表現を選ぶ。,"[""「〜の場合に備えて」。領収書を保管する目的に合う。"", ""「まるで〜のように」。仮の様子を示し、備えにならない。"", ""前置詞「〜の間」。主語と動詞のあるyou needの節を直接続けられない。"", ""「〜だけれども」。交換の必要があることは保管に反する事情ではなく、逆接の関係が合わない。""]",True,交換に備えるレシート保管の自然な案内。,"{""verdict"": ""pass-after-review"", ""evidence"": ""将来の可能性への備えを表す表現を選ぶ。""}","{""verdict"": ""single-best-answer-after-review"", ""answer"": ""in case"", ""evidence"": ""一次監査後の独立QAで、now thatは既知の後日の交換必要性を理由として成立すると指摘。duringへ変更し、even thoughは事実性ではなく逆接関係の不一致で説明する。""}","{""text"": ""後で製品を交換する必要が生じた場合に備えて、領収書を保管してください。"", ""review"": ""交換が決まっているとせず場合に備えてと訳す。""}","{""takeaway"": ""将来の可能性への備えを表す表現を選ぶ。"", ""review"": ""最終原稿の4選択肢と表示順を再照合。一次監査後の独立QAで、now thatは既知の後日の交換必要性を理由として成立すると指摘。duringへ変更し、even thoughは事実性ではなく逆接関係の不一致で説明する。""}","{""level"": ""基礎〜中級（編集上の目安・実測校正なし）"", ""scope"": ""接続・関係詞"", ""context"": ""交換に備えるレシート保管の自然な案内。""}","{""exactSentence"": ""全180文に完全一致なし"", ""relatedItems"": [], ""assessment"": ""全文の重複なし。分野内の反復は練習設計として維持。""}",[],"{""stage"": ""一次監査後の独立QA"", ""finding"": ""一次監査後の独立QAで、now thatは既知の後日の交換必要性を理由として成立すると指摘。duringへ変更し、even thoughは事実性ではなく逆接関係の不一致で説明する。"", ""resolution"": ""親担当が問題原稿を修正。一次監査担当は原稿を変更せず監査記録を最終原稿に同期。""}",
p5-041,接続・関係詞,assessment,"[""チャレンジ01"", ""回答後の復習""]","[""link-logic""]","The branch office is small, ------- it handles more than two hundred inquiries a day.","[""yet"", ""so"", ""for"", ""or""]",0,その支店は小さいものの、1日200件を超える問い合わせに対応しています。,小さいことと対応件数の多さの対比を表す等位接続詞。,"[""「それでも」。前後の対比に合う。"", ""「だから」。小さいことが多い件数の理由にはならない。"", ""「というのは」。対応件数は小さい理由ではない。"", ""「または」。ここは選択ではなく対比。""]",True,小規模支店と多い対応件数の対比。,"{""verdict"": ""pass-after-review"", ""evidence"": ""小さいことと対応件数の多さの対比を表す等位接続詞。""}","{""verdict"": ""single-best-answer-after-review"", ""answer"": ""yet"", ""evidence"": ""yetが文脈の逆接。so/for/orは文法上接続できても論理に合わない。""}","{""text"": ""その支店は小さいものの、1日200件を超える問い合わせに対応しています。"", ""review"": ""more than two hundredを200件以上から200件を超えるに修正。""}","{""takeaway"": ""小さいことと対応件数の多さの対比を表す等位接続詞。"", ""review"": ""4選択肢を文に代入し、上記の各理由と照合。yetが文脈の逆接。so/for/orは文法上接続できても論理に合わない。""}","{""level"": ""基礎〜中級（編集上の目安・実測校正なし）"", ""scope"": ""接続・関係詞"", ""context"": ""小規模支店と多い対応件数の対比。""}","{""exactSentence"": ""全180文に完全一致なし"", ""relatedItems"": [], ""assessment"": ""全文の重複なし。分野内の反復は練習設計として維持。""}",[],,
p5-042,接続・関係詞,assessment,"[""チャレンジ01"", ""回答後の復習""]","[""link-clause""]",The instructions explain ------- the device should be connected to the wireless network.,"[""whom"", ""how"", ""which"", ""whose""]",1,説明書には機器を無線ネットワークへ接続する方法が書かれています。,後ろは必要な要素が揃った節。接続の方法を尋ねる語を置く。,"[""「誰を」。後ろの節に人の目的語の空きがない。"", ""「どのように」。接続方法を表す間接疑問になる。"", ""「どれ」。後ろの節に名詞として埋める空きがない。"", ""「誰の」。所有される名詞が続かない。""]",False,無線接続方法を説明する説明書の文。,"{""verdict"": ""pass-after-review"", ""evidence"": ""後ろは必要な要素が揃った節。接続の方法を尋ねる語を置く。""}","{""verdict"": ""single-best-answer-after-review"", ""answer"": ""how"", ""evidence"": ""howが完成した節に方法の意味を加える。""}","{""text"": ""説明書には機器を無線ネットワークへ接続する方法が書かれています。"", ""review"": ""方法という間接疑問の意味を保持。""}","{""takeaway"": ""後ろは必要な要素が揃った節。接続の方法を尋ねる語を置く。"", ""review"": ""4選択肢を文に代入し、上記の各理由と照合。howが完成した節に方法の意味を加える。""}","{""level"": ""基礎〜中級（編集上の目安・実測校正なし）"", ""scope"": ""接続・関係詞"", ""context"": ""無線接続方法を説明する説明書の文。""}","{""exactSentence"": ""全180文に完全一致なし"", ""relatedItems"": [""p5-a-3-06""], ""assessment"": ""同じ構文・語の復習を含むが、文脈または求める語形が異なり、IDごとの練習として維持。""}",[],,
p5-043,接続・関係詞,assessment,"[""チャレンジ01"", ""回答後の復習""]","[""link-clause""]",The research team continued its work ------- the laboratory was being renovated.,"[""despite"", ""throughout"", ""while"", ""during""]",2,研究チームは実験室の改装中も作業を続けました。,後ろに節を取り、二つの出来事の同時進行を表す。,"[""前置詞。後ろの節を直接導けない。"", ""前置詞。後ろには名詞句が必要。"", ""接続詞「〜している間」。改装と作業の同時進行を示す。"", ""前置詞。後ろには名詞句が必要。""]",False,改装中も続けた研究業務という自然な文。,"{""verdict"": ""pass-after-review"", ""evidence"": ""後ろに節を取り、二つの出来事の同時進行を表す。""}","{""verdict"": ""single-best-answer-after-review"", ""answer"": ""while"", ""evidence"": ""whileのみがこの定形節を時間節にする。""}","{""text"": ""研究チームは実験室の改装中も作業を続けました。"", ""review"": ""改装中という継続時間を保持。""}","{""takeaway"": ""後ろに節を取り、二つの出来事の同時進行を表す。"", ""review"": ""4選択肢を文に代入し、上記の各理由と照合。whileのみがこの定形節を時間節にする。""}","{""level"": ""基礎〜中級（編集上の目安・実測校正なし）"", ""scope"": ""接続・関係詞"", ""context"": ""改装中も続けた研究業務という自然な文。""}","{""exactSentence"": ""全180文に完全一致なし"", ""relatedItems"": [], ""assessment"": ""全文の重複なし。分野内の反復は練習設計として維持。""}",[],,
p5-044,接続・関係詞,assessment,"[""チャレンジ01"", ""回答後の復習""]",[],Only employees ------- names appear on the list may enter the storage area.,"[""whom"", ""whose"", ""who"", ""which""]",1,名簿に名前が載っている従業員だけが保管区域に入れます。,employeesとnamesの所有関係を示す。,"[""目的格。後ろのnamesを修飾できない。"", ""所有格。「その人たちの名前」という関係になる。"", ""主格。namesがすでに関係節の主語なので不適切。"", ""物の関係代名詞。人の名前という所有関係にならない。""]",False,名簿で入室を制限する自然な規程。,"{""verdict"": ""pass-after-review"", ""evidence"": ""employeesとnamesの所有関係を示す。""}","{""verdict"": ""single-best-answer-after-review"", ""answer"": ""whose"", ""evidence"": ""employeesのnamesを結ぶwhoseのみ。""}","{""text"": ""名簿に名前が載っている従業員だけが保管区域に入れます。"", ""review"": ""onlyの制限をだけで保持。""}","{""takeaway"": ""employeesとnamesの所有関係を示す。"", ""review"": ""4選択肢を文に代入し、上記の各理由と照合。employeesのnamesを結ぶwhoseのみ。""}","{""level"": ""中級（編集上の目安・実測校正なし）"", ""scope"": ""接続・関係詞"", ""context"": ""名簿で入室を制限する自然な規程。""}","{""exactSentence"": ""全180文に完全一致なし"", ""relatedItems"": [""p5-039""], ""assessment"": ""同じ構文・語の復習を含むが、文脈または求める語形が異なり、IDごとの練習として維持。""}",[],,
p5-045,接続・関係詞,assessment,"[""チャレンジ01"", ""回答後の復習""]",[],"The new printer is faster than the previous model; -------, it uses less electricity.","[""despite"", ""moreover"", ""instead"", ""because""]",1,新しいプリンターは前の機種より速く、さらに消費電力も少なくなっています。,速さという利点に省電力という利点を追加する。,"[""前置詞「〜にもかかわらず」。名詞句などの目的語が必要で、単独の接続副詞としては使えない。"", ""「さらに」。速さに加えて、省電力という利点を追加する。"", ""「その代わりに」。先の利点を置き換える内容ではない。"", ""接続詞「〜なので」。becauseの直後のコンマは不適切で、この独立した文を接続副詞のようには導けない。""]",True,速度と消費電力という製品比較。,"{""verdict"": ""pass-after-review"", ""evidence"": ""速さという利点に省電力という利点を追加する。""}","{""verdict"": ""single-best-answer-after-review"", ""answer"": ""moreover"", ""evidence"": ""一次監査後の独立QAで、otherwiseには『他の点では』の意味もあり成立すると指摘。despiteへ変更。一次監査でneverthelessをbecauseへ変更した修正と合わせ、moreoverが唯一適切な接続表現になる。""}","{""text"": ""新しいプリンターは前の機種より速く、さらに消費電力も少なくなっています。"", ""review"": ""利点の追加をさらにと訳す。""}","{""takeaway"": ""速さという利点に省電力という利点を追加する。"", ""review"": ""最終原稿の4選択肢と表示順を再照合。一次監査後の独立QAで、otherwiseには『他の点では』の意味もあり成立すると指摘。despiteへ変更。一次監査でneverthelessをbecauseへ変更した修正と合わせ、moreoverが唯一適切な接続表現になる。""}","{""level"": ""中級（編集上の目安・実測校正なし）"", ""scope"": ""接続・関係詞"", ""context"": ""速度と消費電力という製品比較。""}","{""exactSentence"": ""全180文に完全一致なし"", ""relatedItems"": [], ""assessment"": ""全文の重複なし。分野内の反復は練習設計として維持。""}","[{""url"": ""https://dictionary.cambridge.org/us/dictionary/english/nevertheless"", ""finding"": ""直前の事実にもかかわらずという逆接。高速度と低消費電力を逆接で読む可能性は編集者の推論。"", ""access"": ""web search excerpt 2026-10-02; direct page returned 403""}]","{""stage"": ""一次監査後の独立QA"", ""finding"": ""一次監査後の独立QAで、otherwiseには『他の点では』の意味もあり成立すると指摘。despiteへ変更。一次監査でneverthelessをbecauseへ変更した修正と合わせ、moreoverが唯一適切な接続表現になる。"", ""resolution"": ""親担当が問題原稿を修正。一次監査担当は原稿を変更せず監査記録を最終原稿に同期。""}",
p5-046,代名詞・数量,practice,"[""日々の練習"", ""分野別"", ""問題選択"", ""論点別"", ""復習""]","[""pronoun-case""]",Employees are reminded to keep ------- identification badges visible at all times.,"[""their"", ""theirs"", ""them"", ""they""]",0,従業員は身分証バッジを常に見える状態にするよう注意されています。,badgesという名詞の前には所有格を置く。,"[""所有格「彼らの」。identification badgesを修飾する。"", ""所有代名詞「彼らのもの」。直後に名詞を置かない。"", ""目的格「彼らを」。badgesの所有を示せない。"", ""主格「彼らは」。名詞を修飾できない。""]",False,身分証表示義務という自然な職場規程。,"{""verdict"": ""pass-after-review"", ""evidence"": ""badgesという名詞の前には所有格を置く。""}","{""verdict"": ""single-best-answer-after-review"", ""answer"": ""their"", ""evidence"": ""badges前の所有格theirのみ。""}","{""text"": ""従業員は身分証バッジを常に見える状態にするよう注意されています。"", ""review"": ""visible at all timesを常に見える状態と保持。""}","{""takeaway"": ""badgesという名詞の前には所有格を置く。"", ""review"": ""4選択肢を文に代入し、上記の各理由と照合。badges前の所有格theirのみ。""}","{""level"": ""基礎〜中級（編集上の目安・実測校正なし）"", ""scope"": ""代名詞・数量"", ""context"": ""身分証表示義務という自然な職場規程。""}","{""exactSentence"": ""全180文に完全一致なし"", ""relatedItems"": [""p5-a-4-05""], ""assessment"": ""同じ構文・語の復習を含むが、文脈または求める語形が異なり、IDごとの練習として維持。""}",[],,
p5-047,代名詞・数量,practice,"[""日々の練習"", ""分野別"", ""問題選択"", ""論点別"", ""復習""]",[],The floor area of the new office is larger than ------- of the office we occupied last year.,"[""that"", ""those"", ""these"", ""each""]",0,新しい事務所の床面積は、昨年使っていた事務所の床面積より大きいです。,比較するのは単数のfloor area同士。that ofで後半のfloor areaの繰り返しを避ける。,"[""単数のfloor areaを受け、that of the officeでその事務所の床面積を表す。"", ""複数名詞の代用。ここで比較する単数のfloor areaを受けられない。"", ""複数の指示代名詞。単数のfloor areaの代わりにはならない。"", ""「それぞれ」。each ofの後ろには通常、複数の対象を示す表現が必要で、the officeという単数名詞句には合わない。""]",True,事務所面積の比較として自然になるよう補強。,"{""verdict"": ""pass-after-review"", ""evidence"": ""比較するのは単数のfloor area同士。that ofで後半のfloor areaの繰り返しを避ける。""}","{""verdict"": ""single-best-answer-after-review"", ""answer"": ""that"", ""evidence"": ""that ofで単数floor areaの照応を明示。旧文の複数旧事務所との比較を除去。""}","{""text"": ""新しい事務所の床面積は、昨年使っていた事務所の床面積より大きいです。"", ""review"": ""比較対象を床面積同士として和訳も更新。""}","{""takeaway"": ""比較するのは単数のfloor area同士。that ofで後半のfloor areaの繰り返しを避ける。"", ""review"": ""4選択肢を文に代入し、上記の各理由と照合。that ofで単数floor areaの照応を明示。旧文の複数旧事務所との比較を除去。""}","{""level"": ""中級（編集上の目安・実測校正なし）"", ""scope"": ""代名詞・数量"", ""context"": ""事務所面積の比較として自然になるよう補強。""}","{""exactSentence"": ""全180文に完全一致なし"", ""relatedItems"": [], ""assessment"": ""全文の重複なし。分野内の反復は練習設計として維持。""}",[],,
p5-048,代名詞・数量,practice,"[""日々の練習"", ""分野別"", ""問題選択"", ""論点別"", ""復習""]","[""pronoun-reflexive""]",Ms. Chen completed the entire inventory check by ------- after her assistant became ill.,"[""she"", ""her"", ""hers"", ""herself""]",3,助手が体調を崩したため、陳さんは棚卸しの全作業を一人で終えました。,by＋再帰代名詞で、一人で行うことを表す。,"[""主格。前置詞byの目的語には置けない。"", ""目的格・所有格。一人で、という定型表現にならない。"", ""所有代名詞「彼女のもの」。主語と同じ人を指す再帰形が必要。"", ""再帰代名詞。by herselfで一人で。""]",False,助手不在の棚卸しという自然な場面。,"{""verdict"": ""pass-after-review"", ""evidence"": ""by＋再帰代名詞で、一人で行うことを表す。""}","{""verdict"": ""single-best-answer-after-review"", ""answer"": ""herself"", ""evidence"": ""by herselfは一人で。her/hers/sheではこの再帰表現にならない。""}","{""text"": ""助手が体調を崩したため、陳さんは棚卸しの全作業を一人で終えました。"", ""review"": ""entireとby herselfの両方を全作業を一人でに反映。""}","{""takeaway"": ""by＋再帰代名詞で、一人で行うことを表す。"", ""review"": ""4選択肢を文に代入し、上記の各理由と照合。by herselfは一人で。her/hers/sheではこの再帰表現にならない。""}","{""level"": ""基礎〜中級（編集上の目安・実測校正なし）"", ""scope"": ""代名詞・数量"", ""context"": ""助手不在の棚卸しという自然な場面。""}","{""exactSentence"": ""全180文に完全一致なし"", ""relatedItems"": [""p5-a-4-03"", ""p5-057""], ""assessment"": ""同じ構文・語の復習を含むが、文脈または求める語形が異なり、IDごとの練習として維持。""}",[],,
p5-049,代名詞・数量,practice,"[""日々の練習"", ""分野別"", ""問題選択"", ""論点別"", ""復習""]","[""quantifiers""]",Each of the applicants must submit ------- resume before the interview.,"[""a few"", ""several"", ""a"", ""many""]",2,応募者はそれぞれ面接前に履歴書を1通提出する必要があります。,単数形resumeに付く限定詞を選ぶ。,"[""複数可算名詞に付く。resumeは単数。"", ""複数可算名詞に付く。resumeは単数。"", ""不定冠詞。単数可算名詞resumeと合う。"", ""複数可算名詞に付く。resumeは単数。""]",False,応募者一人ずつの履歴書提出という自然な指示。,"{""verdict"": ""pass-after-review"", ""evidence"": ""単数形resumeに付く限定詞を選ぶ。""}","{""verdict"": ""single-best-answer-after-review"", ""answer"": ""a"", ""evidence"": ""単数resumeを限定できるaのみ。""}","{""text"": ""応募者はそれぞれ面接前に履歴書を1通提出する必要があります。"", ""review"": ""eachの個別性をそれぞれで保持。""}","{""takeaway"": ""単数形resumeに付く限定詞を選ぶ。"", ""review"": ""4選択肢を文に代入し、上記の各理由と照合。単数resumeを限定できるaのみ。""}","{""level"": ""基礎〜中級（編集上の目安・実測校正なし）"", ""scope"": ""代名詞・数量"", ""context"": ""応募者一人ずつの履歴書提出という自然な指示。""}","{""exactSentence"": ""全180文に完全一致なし"", ""relatedItems"": [], ""assessment"": ""全文の重複なし。分野内の反復は練習設計として維持。""}",[],,
p5-050,代名詞・数量,practice,"[""日々の練習"", ""分野別"", ""問題選択"", ""論点別"", ""復習""]",[],"Of the two proposed locations, one is near the station and ------- is in the business district.","[""other"", ""the other"", ""others"", ""another""]",1,提案された2か所のうち、一方は駅近くで、もう一方はビジネス地区にあります。,二つのうち一方がone、残る一方がthe other。,"[""単独で特定の残り一つを指す形にならない。"", ""二つのうち残りの一つを表す。"", ""複数の「他のもの」。二つの残りは一つ。"", ""不特定の別の一つ。二つの残り一つにはthe other。""]",False,二つの候補地を比較する自然な文。,"{""verdict"": ""pass-after-review"", ""evidence"": ""二つのうち一方がone、残る一方がthe other。""}","{""verdict"": ""single-best-answer-after-review"", ""answer"": ""the other"", ""evidence"": ""既知の二つの残り一つなのでthe other。""}","{""text"": ""提案された2か所のうち、一方は駅近くで、もう一方はビジネス地区にあります。"", ""review"": ""one/the otherの対応を一方/もう一方で保持。""}","{""takeaway"": ""二つのうち一方がone、残る一方がthe other。"", ""review"": ""4選択肢を文に代入し、上記の各理由と照合。既知の二つの残り一つなのでthe other。""}","{""level"": ""基礎〜中級（編集上の目安・実測校正なし）"", ""scope"": ""代名詞・数量"", ""context"": ""二つの候補地を比較する自然な文。""}","{""exactSentence"": ""全180文に完全一致なし"", ""relatedItems"": [], ""assessment"": ""全文の重複なし。分野内の反復は練習設計として維持。""}",[],,
p5-051,代名詞・数量,practice,"[""日々の練習"", ""分野別"", ""問題選択"", ""論点別"", ""復習""]","[""quantifiers""]","There is very ------- space left in the cabinet, so please store the remaining files elsewhere.","[""few"", ""many"", ""little"", ""several""]",2,キャビネットには空きがほとんどないため、残りのファイルは別の場所に保管してください。,spaceはここでは不可算。少ない量をlittleで表す。,"[""複数可算名詞に使う。spaceには合わない。"", ""複数可算名詞の多さを表す。spaceに合わない。"", ""不可算名詞の少なさを表す。very little spaceで空きがごくわずか。"", ""複数可算名詞に使う。spaceに合わない。""]",False,保管場所不足の案内として自然。,"{""verdict"": ""pass-after-review"", ""evidence"": ""spaceはここでは不可算。少ない量をlittleで表す。""}","{""verdict"": ""single-best-answer-after-review"", ""answer"": ""little"", ""evidence"": ""不可算spaceと少なさにlittleのみ。""}","{""text"": ""キャビネットには空きがほとんどないため、残りのファイルは別の場所に保管してください。"", ""review"": ""very littleをほとんどないとして保存場所変更の理由を保持。""}","{""takeaway"": ""spaceはここでは不可算。少ない量をlittleで表す。"", ""review"": ""4選択肢を文に代入し、上記の各理由と照合。不可算spaceと少なさにlittleのみ。""}","{""level"": ""基礎〜中級（編集上の目安・実測校正なし）"", ""scope"": ""代名詞・数量"", ""context"": ""保管場所不足の案内として自然。""}","{""exactSentence"": ""全180文に完全一致なし"", ""relatedItems"": [], ""assessment"": ""全文の重複なし。分野内の反復は練習設計として維持。""}",[],,
p5-052,代名詞・数量,practice,"[""日々の練習"", ""分野別"", ""問題選択"", ""論点別"", ""復習""]",[],"The software automatically saves a copy of the document, so users do not need to save ------- manually.","[""they"", ""its"", ""it"", ""itself""]",2,ソフトが文書のコピーを自動保存するため、利用者が手動で保存する必要はありません。,saveの目的語として単数の文書を代名詞で受ける。,"[""主格・複数。目的語の位置と単数の対象に合わない。"", ""所有格。後ろに名詞が必要。"", ""目的格「それを」。文書を受ける。"", ""再帰代名詞。主語usersと文書は同じ対象ではない。""]",False,自動保存と手動操作の関係が自然。,"{""verdict"": ""pass-after-review"", ""evidence"": ""saveの目的語として単数の文書を代名詞で受ける。""}","{""verdict"": ""single-best-answer-after-review"", ""answer"": ""it"", ""evidence"": ""saveの単数目的語にはit。再帰の主体usersと一致しない。""}","{""text"": ""ソフトが文書のコピーを自動保存するため、利用者が手動で保存する必要はありません。"", ""review"": ""文書またはそのコピーを受ける照応の小幅な曖昧さは採点に影響しない。""}","{""takeaway"": ""saveの目的語として単数の文書を代名詞で受ける。"", ""review"": ""4選択肢を文に代入し、上記の各理由と照合。saveの単数目的語にはit。再帰の主体usersと一致しない。""}","{""level"": ""基礎〜中級（編集上の目安・実測校正なし）"", ""scope"": ""代名詞・数量"", ""context"": ""自動保存と手動操作の関係が自然。""}","{""exactSentence"": ""全180文に完全一致なし"", ""relatedItems"": [""p5-a-4-01""], ""assessment"": ""同じ構文・語の復習を含むが、文脈または求める語形が異なり、IDごとの練習として維持。""}",[],,
p5-053,代名詞・数量,practice,"[""日々の練習"", ""分野別"", ""問題選択"", ""論点別"", ""復習""]",[],"------- of the two elevators is working, so all visitors must use the stairs.","[""All"", ""Much"", ""Neither"", ""Every""]",2,2台のエレベーターはどちらも動いていないため、来訪者は全員階段を使う必要があります。,二つとも〜ない、をneither ofで表す。,"[""肯定で「全部」。isとの一致や階段の理由に合わない。"", ""不可算名詞用。elevatorsに使えない。"", ""neither of the twoで二つのどちらも〜ない。"", ""every ofという形にはならない。""]",False,停止中のエレベーターと階段使用の因果。,"{""verdict"": ""pass-after-review"", ""evidence"": ""二つとも〜ない、をneither ofで表す。""}","{""verdict"": ""single-best-answer-after-review"", ""answer"": ""Neither"", ""evidence"": ""neither of the two＋isと後半の理由が一致。""}","{""text"": ""2台のエレベーターはどちらも動いていないため、来訪者は全員階段を使う必要があります。"", ""review"": ""二つとも停止をどちらも動かないで保持。""}","{""takeaway"": ""二つとも〜ない、をneither ofで表す。"", ""review"": ""4選択肢を文に代入し、上記の各理由と照合。neither of the two＋isと後半の理由が一致。""}","{""level"": ""基礎〜中級（編集上の目安・実測校正なし）"", ""scope"": ""代名詞・数量"", ""context"": ""停止中のエレベーターと階段使用の因果。""}","{""exactSentence"": ""全180文に完全一致なし"", ""relatedItems"": [], ""assessment"": ""全文の重複なし。分野内の反復は練習設計として維持。""}",[],,
p5-054,代名詞・数量,practice,"[""日々の練習"", ""分野別"", ""問題選択"", ""論点別"", ""復習""]",[],Applicants with relevant experience will receive priority over ------- without it.,"[""those"", ""this"", ""whose"", ""that""]",0,関連する経験がある応募者は、経験がない応募者より優先されます。,複数の人applicantsをthoseで受け、without itで限定する。,"[""複数の人を指し、経験のない応募者を表す。"", ""単数を示すためapplicantsに合わない。"", ""所有格の関係代名詞。この位置で人を代用できない。"", ""単数を受けるためapplicantsに合わない。""]",False,経験を持つ応募者の優先採用という自然な文。,"{""verdict"": ""pass-after-review"", ""evidence"": ""複数の人applicantsをthoseで受け、without itで限定する。""}","{""verdict"": ""single-best-answer-after-review"", ""answer"": ""those"", ""evidence"": ""those without itが複数の応募者を指す。""}","{""text"": ""関連する経験がある応募者は、経験がない応募者より優先されます。"", ""review"": ""itは経験、thoseは応募者という二つの照応を保持。""}","{""takeaway"": ""複数の人applicantsをthoseで受け、without itで限定する。"", ""review"": ""4選択肢を文に代入し、上記の各理由と照合。those without itが複数の応募者を指す。""}","{""level"": ""基礎〜中級（編集上の目安・実測校正なし）"", ""scope"": ""代名詞・数量"", ""context"": ""経験を持つ応募者の優先採用という自然な文。""}","{""exactSentence"": ""全180文に完全一致なし"", ""relatedItems"": [], ""assessment"": ""全文の重複なし。分野内の反復は練習設計として維持。""}",[],,
p5-055,代名詞・数量,practice,"[""日々の練習"", ""分野別"", ""問題選択"", ""論点別"", ""復習""]","[""quantifiers""]",The new policy has resulted in ------- complaints than the previous one.,"[""less"", ""little"", ""fewer"", ""much""]",2,新方針により、以前の方針のときより苦情が少なくなりました。,可算複数complaintsとthanに合う比較級。,"[""標準的な用法では不可算の量に使う。"", ""原級で、可算複数とthanに合わない。"", ""可算複数の少なさを比較する。"", ""不可算の量に使い、この比較に合わない。""]",False,方針導入による苦情の比較という自然な文。,"{""verdict"": ""pass-after-review"", ""evidence"": ""可算複数complaintsとthanに合う比較級。""}","{""verdict"": ""single-best-answer-after-review"", ""answer"": ""fewer"", ""evidence"": ""標準的な可算複数の比較はfewer。lessは口語使用の存在まで否定しない。""}","{""text"": ""新方針により、以前の方針のときより苦情が少なくなりました。"", ""review"": ""旧方針との比較を訳に反映。""}","{""takeaway"": ""可算複数complaintsとthanに合う比較級。"", ""review"": ""4選択肢を文に代入し、上記の各理由と照合。標準的な可算複数の比較はfewer。lessは口語使用の存在まで否定しない。""}","{""level"": ""基礎〜中級（編集上の目安・実測校正なし）"", ""scope"": ""代名詞・数量"", ""context"": ""方針導入による苦情の比較という自然な文。""}","{""exactSentence"": ""全180文に完全一致なし"", ""relatedItems"": [""p5-a-4-06""], ""assessment"": ""同じ構文・語の復習を含むが、文脈または求める語形が異なり、IDごとの練習として維持。""}",[],,
p5-056,代名詞・数量,assessment,"[""チャレンジ01"", ""回答後の復習""]","[""quantifiers""]",The purchasing department has a budget of ------- thousand dollars for new equipment.,"[""fifties"", ""five"", ""fifth"", ""fifths""]",1,購買部には新しい機器用に5千ドルの予算があります。,thousandの前に具体的な数量を表す基数を置く。,"[""「50代・50年代」。この金額表現に合わない。"", ""基数「5」。five thousandで5千。"", ""序数「5番目」。金額を示す数量にならない。"", ""「5分の1」の複数形。金額の表現に合わない。""]",False,設備予算の金額という自然な文。,"{""verdict"": ""pass-after-review"", ""evidence"": ""thousandの前に具体的な数量を表す基数を置く。""}","{""verdict"": ""single-best-answer-after-review"", ""answer"": ""five"", ""evidence"": ""five thousandは基数＋thousand。""}","{""text"": ""購買部には新しい機器用に5千ドルの予算があります。"", ""review"": ""five thousandを5千と正確に換算。""}","{""takeaway"": ""thousandの前に具体的な数量を表す基数を置く。"", ""review"": ""4選択肢を文に代入し、上記の各理由と照合。five thousandは基数＋thousand。""}","{""level"": ""基礎〜中級（編集上の目安・実測校正なし）"", ""scope"": ""代名詞・数量"", ""context"": ""設備予算の金額という自然な文。""}","{""exactSentence"": ""全180文に完全一致なし"", ""relatedItems"": [], ""assessment"": ""全文の重複なし。分野内の反復は練習設計として維持。""}",[],,
p5-057,代名詞・数量,assessment,"[""チャレンジ01"", ""回答後の復習""]","[""pronoun-reflexive""]",The director reviewed the proposal ------- rather than asking an assistant to do so.,"[""hers"", ""herself"", ""she"", ""her""]",1,部長は助手に頼まず、自分自身で提案を検討しました。,主語の人が自分で行ったことを強調する再帰代名詞。,"[""所有代名詞「彼女のもの」。自分でという強調にならない。"", ""再帰代名詞の強調用法。部長自ら行ったことを示す。"", ""主格。すでに主語があり、この位置に合わない。"", ""目的格・所有格。強調の用法には再帰形が必要。""]",False,部長本人による検討という自然な文。,"{""verdict"": ""pass-after-review"", ""evidence"": ""主語の人が自分で行ったことを強調する再帰代名詞。""}","{""verdict"": ""single-best-answer-after-review"", ""answer"": ""herself"", ""evidence"": ""herselfが強意の再帰代名詞。位置とrather thanの対比が支える。""}","{""text"": ""部長は助手に頼まず、自分自身で提案を検討しました。"", ""review"": ""助手に頼まずという対比を保持。""}","{""takeaway"": ""主語の人が自分で行ったことを強調する再帰代名詞。"", ""review"": ""4選択肢を文に代入し、上記の各理由と照合。herselfが強意の再帰代名詞。位置とrather thanの対比が支える。""}","{""level"": ""基礎〜中級（編集上の目安・実測校正なし）"", ""scope"": ""代名詞・数量"", ""context"": ""部長本人による検討という自然な文。""}","{""exactSentence"": ""全180文に完全一致なし"", ""relatedItems"": [""p5-048""], ""assessment"": ""同じ構文・語の復習を含むが、文脈または求める語形が異なり、IDごとの練習として維持。""}",[],,
p5-058,代名詞・数量,assessment,"[""チャレンジ01"", ""回答後の復習""]",[],"All three reports are useful, but ------- contains the information requested by the client.","[""neither"", ""both"", ""anyone"", ""none""]",3,3件の報告書はすべて有用ですが、依頼された情報はどれにも含まれていません。,三つのうち一つもない、という否定をnoneで表す。,"[""二つのうちどちらもない。対象は三つ。"", ""二つとも。三つという対象と単数動詞に合わない。"", ""人を指す「誰か・誰でも」。報告書を受ける代名詞にはならない。"", ""三つ以上にも使える「一つもない」。単数動詞とも使え、3件とも必要情報を含まないことを示す。""]",True,3件の資料に必要情報がないという自然な文。,"{""verdict"": ""pass-after-review"", ""evidence"": ""三つのうち一つもない、という否定をnoneで表す。""}","{""verdict"": ""single-best-answer-after-review"", ""answer"": ""none"", ""evidence"": ""noneは3件を対象に単数containsも可能。anyを人称のanyoneへ替えた。""}","{""text"": ""3件の報告書はすべて有用ですが、依頼された情報はどれにも含まれていません。"", ""review"": ""すべて有用だが必要情報はないという二つの評価を保持。""}","{""takeaway"": ""三つのうち一つもない、という否定をnoneで表す。"", ""review"": ""4選択肢を文に代入し、上記の各理由と照合。noneは3件を対象に単数containsも可能。anyを人称のanyoneへ替えた。""}","{""level"": ""中級（編集上の目安・実測校正なし）"", ""scope"": ""代名詞・数量"", ""context"": ""3件の資料に必要情報がないという自然な文。""}","{""exactSentence"": ""全180文に完全一致なし"", ""relatedItems"": [], ""assessment"": ""全文の重複なし。分野内の反復は練習設計として維持。""}",[],,
p5-059,代名詞・数量,assessment,"[""チャレンジ01"", ""回答後の復習""]","[""pronoun-case""]",Please send a copy of the revised schedule to both Mr. Ali and -------.,"[""I"", ""my"", ""mine"", ""me""]",3,改訂日程のコピーをアリさんと私の両方に送ってください。,toの目的語はandで並んでいても目的格。,"[""主格。前置詞toの目的語に合わない。"", ""所有格。後ろに名詞が必要。"", ""所有代名詞「私のもの」。送付相手の私を指せない。"", ""目的格。to Mr. Ali and meで二人を送付先にする。""]",False,日程表の同報依頼という自然な文。,"{""verdict"": ""pass-after-review"", ""evidence"": ""toの目的語はandで並んでいても目的格。""}","{""verdict"": ""single-best-answer-after-review"", ""answer"": ""me"", ""evidence"": ""前置詞toの目的格meは等位接続でも変わらない。""}","{""text"": ""改訂日程のコピーをアリさんと私の両方に送ってください。"", ""review"": ""bothを両方にと反映。""}","{""takeaway"": ""toの目的語はandで並んでいても目的格。"", ""review"": ""4選択肢を文に代入し、上記の各理由と照合。前置詞toの目的格meは等位接続でも変わらない。""}","{""level"": ""基礎〜中級（編集上の目安・実測校正なし）"", ""scope"": ""代名詞・数量"", ""context"": ""日程表の同報依頼という自然な文。""}","{""exactSentence"": ""全180文に完全一致なし"", ""relatedItems"": [], ""assessment"": ""全文の重複なし。分野内の反復は練習設計として維持。""}",[],,
p5-060,代名詞・数量,assessment,"[""チャレンジ01"", ""回答後の復習""]","[""quantifiers""]",The revised guidelines contain ------- information about the new reimbursement process.,"[""additional"", ""many"", ""several"", ""a few""]",0,改訂された指針には新しい払い戻し手続きについての追加情報が含まれています。,informationは不可算名詞。複数可算名詞用の数量語を除外する。,"[""形容詞「追加の」。不可算名詞も修飾できる。"", ""複数可算名詞に使う。informationには使えない。"", ""複数可算名詞に使う。informationには使えない。"", ""複数可算名詞に使う。informationには使えない。""]",False,精算手続の追加情報という自然な文。,"{""verdict"": ""pass-after-review"", ""evidence"": ""informationは不可算名詞。複数可算名詞用の数量語を除外する。""}","{""verdict"": ""single-best-answer-after-review"", ""answer"": ""additional"", ""evidence"": ""不可算informationにadditional。他3語は複数可算向け。""}","{""text"": ""改訂された指針には新しい払い戻し手続きについての追加情報が含まれています。"", ""review"": ""additionalを追加情報と正確に訳す。""}","{""takeaway"": ""informationは不可算名詞。複数可算名詞用の数量語を除外する。"", ""review"": ""4選択肢を文に代入し、上記の各理由と照合。不可算informationにadditional。他3語は複数可算向け。""}","{""level"": ""基礎〜中級（編集上の目安・実測校正なし）"", ""scope"": ""代名詞・数量"", ""context"": ""精算手続の追加情報という自然な文。""}","{""exactSentence"": ""全180文に完全一致なし"", ""relatedItems"": [""p5-a-4-04""], ""assessment"": ""同じ構文・語の復習を含むが、文脈または求める語形が異なり、IDごとの練習として維持。""}",[],,
p5-061,前置詞・語法,practice,"[""日々の練習"", ""分野別"", ""問題選択"", ""論点別"", ""復習""]","[""prep-choice""]",The final payment must be received ------- June 30 to avoid a late fee.,"[""by"", ""during"", ""until"", ""throughout""]",0,延滞料を避けるには、6月30日までに最終支払いが受領される必要があります。,受領という完了の期限にはby。,"[""「〜までに」。受領の締め切りを示す。"", ""「〜の間に」。日付で期限を表す用法ではない。"", ""「〜までずっと」。受領がその日まで続くという意味は不適切。"", ""「〜の間ずっと」。期間が続く意味で期限を示せない。""]",False,延滞料を避ける入金期限の自然な文。,"{""verdict"": ""pass-after-review"", ""evidence"": ""受領という完了の期限にはby。""}","{""verdict"": ""single-best-answer-after-review"", ""answer"": ""by"", ""evidence"": ""一回の受領の期限にby。untilは継続の終点。""}","{""text"": ""延滞料を避けるには、6月30日までに最終支払いが受領される必要があります。"", ""review"": ""must be receivedは送金しただけでなく受領が必要と保持。""}","{""takeaway"": ""受領という完了の期限にはby。"", ""review"": ""4選択肢を文に代入し、上記の各理由と照合。一回の受領の期限にby。untilは継続の終点。""}","{""level"": ""基礎〜中級（編集上の目安・実測校正なし）"", ""scope"": ""前置詞・定型"", ""context"": ""延滞料を避ける入金期限の自然な文。""}","{""exactSentence"": ""全180文に完全一致なし"", ""relatedItems"": [""p5-a-5-03""], ""assessment"": ""同じ構文・語の復習を含むが、文脈または求める語形が異なり、IDごとの練習として維持。""}",[],,
p5-062,前置詞・語法,practice,"[""日々の練習"", ""分野別"", ""問題選択"", ""論点別"", ""復習""]","[""prep-choice"", ""prep-collocation""]",The technician is responsible ------- maintaining all equipment in the laboratory.,"[""with"", ""at"", ""of"", ""for""]",3,その技術者は実験室の全機器の保守を担当しています。,be responsible forで〜を担当する・責任を負う。,"[""responsible withという形で担当内容を続けない。"", ""responsible atという形で担当内容を続けない。"", ""responsible ofという形で担当内容を続けない。"", ""responsible forに動名詞を続けて担当業務を示す。""]",False,実験機器の保守責任という自然な文。,"{""verdict"": ""pass-after-review"", ""evidence"": ""be responsible forで〜を担当する・責任を負う。""}","{""verdict"": ""single-best-answer-after-review"", ""answer"": ""for"", ""evidence"": ""responsible for maintainingが定型。""}","{""text"": ""その技術者は実験室の全機器の保守を担当しています。"", ""review"": ""担当するという責任の意味を保持。""}","{""takeaway"": ""be responsible forで〜を担当する・責任を負う。"", ""review"": ""4選択肢を文に代入し、上記の各理由と照合。responsible for maintainingが定型。""}","{""level"": ""基礎〜中級（編集上の目安・実測校正なし）"", ""scope"": ""前置詞・定型"", ""context"": ""実験機器の保守責任という自然な文。""}","{""exactSentence"": ""全180文に完全一致なし"", ""relatedItems"": [""p5-a-5-07""], ""assessment"": ""同じ構文・語の復習を含むが、文脈または求める語形が異なり、IDごとの練習として維持。""}",[],,
p5-063,前置詞・語法,practice,"[""日々の練習"", ""分野別"", ""問題選択"", ""論点別"", ""復習""]","[""prep-choice""]",The manufacturer provides a two-year warranty ------- all parts and labor.,"[""covering"", ""coverage"", ""cover"", ""covers""]",0,製造業者は全部品と作業費を対象とする2年間の保証を提供します。,主節の動詞はprovides。warrantyが対象を含むという能動の分詞修飾。,"[""現在分詞。covering all parts and laborで保証の内容を修飾する。"", ""名詞「補償範囲」。直後のall partsを目的語に取れない。"", ""原形。warrantyの後ろでそのまま修飾に使えない。"", ""定形動詞。関係代名詞なしに別の述語を置けない。""]",False,部品・作業費込み保証の自然な商品説明。,"{""verdict"": ""pass-after-review"", ""evidence"": ""主節の動詞はprovides。warrantyが対象を含むという能動の分詞修飾。""}","{""verdict"": ""single-best-answer-after-review"", ""answer"": ""covering"", ""evidence"": ""coveringがwarrantyを後置修飾。他の動詞形は主節と接続できない。""}","{""text"": ""製造業者は全部品と作業費を対象とする2年間の保証を提供します。"", ""review"": ""laborを労働者ではなく作業費とする文脈訳。""}","{""takeaway"": ""主節の動詞はprovides。warrantyが対象を含むという能動の分詞修飾。"", ""review"": ""4選択肢を文に代入し、上記の各理由と照合。coveringがwarrantyを後置修飾。他の動詞形は主節と接続できない。""}","{""level"": ""基礎〜中級（編集上の目安・実測校正なし）"", ""scope"": ""前置詞・定型"", ""context"": ""部品・作業費込み保証の自然な商品説明。""}","{""exactSentence"": ""全180文に完全一致なし"", ""relatedItems"": [""p5-a-6-09""], ""assessment"": ""同じ構文・語の復習を含むが、文脈または求める語形が異なり、IDごとの練習として維持。""}",[],,
p5-064,前置詞・語法,practice,"[""日々の練習"", ""分野別"", ""問題選択"", ""論点別"", ""復習""]","[""prep-choice""]",The number of online orders increased ------- twenty percent during the promotion.,"[""by"", ""at"", ""from"", ""to""]",0,販促期間中、オンライン注文数は20％増加しました。,増加した幅をbyで示す。,"[""変化の幅。「20％増加した」となる。"", ""特定の値・速度の表現で、増加幅には使わない。"", ""出発点を示す。増加した割合には使わない。"", ""到達点を示す。注文数そのものの到達値を20％とは言わない。""]",False,販促による注文数増加の自然な文。,"{""verdict"": ""pass-after-review"", ""evidence"": ""増加した幅をbyで示す。""}","{""verdict"": ""single-best-answer-after-review"", ""answer"": ""by"", ""evidence"": ""byは増加幅。注文数という絶対数は20％を到達値として取らない。""}","{""text"": ""販促期間中、オンライン注文数は20％増加しました。"", ""review"": ""20％増とし20％まで増の誤訳を避ける。""}","{""takeaway"": ""増加した幅をbyで示す。"", ""review"": ""4選択肢を文に代入し、上記の各理由と照合。byは増加幅。注文数という絶対数は20％を到達値として取らない。""}","{""level"": ""基礎〜中級（編集上の目安・実測校正なし）"", ""scope"": ""前置詞・定型"", ""context"": ""販促による注文数増加の自然な文。""}","{""exactSentence"": ""全180文に完全一致なし"", ""relatedItems"": [], ""assessment"": ""全文の重複なし。分野内の反復は練習設計として維持。""}",[],,
p5-065,前置詞・語法,practice,"[""日々の練習"", ""分野別"", ""問題選択"", ""論点別"", ""復習""]","[""prep-choice""]",The restaurant is within walking distance ------- the convention center.,"[""of"", ""on"", ""at"", ""into""]",0,そのレストランはコンベンションセンターから徒歩圏内です。,within walking distance ofは〜から歩いて行ける距離。,"[""定型表現のof。距離の基準地点を示す。"", ""この定型表現ではonを使わない。"", ""この定型表現ではatを使わない。"", ""中への移動を表し、距離の基準にならない。""]",False,会場付近の飲食店案内として自然。,"{""verdict"": ""pass-after-review"", ""evidence"": ""within walking distance ofは〜から歩いて行ける距離。""}","{""verdict"": ""single-best-answer-after-review"", ""answer"": ""of"", ""evidence"": ""walking distance ofの定型。""}","{""text"": ""そのレストランはコンベンションセンターから徒歩圏内です。"", ""review"": ""ofの基準地をセンターからと訳す。""}","{""takeaway"": ""within walking distance ofは〜から歩いて行ける距離。"", ""review"": ""4選択肢を文に代入し、上記の各理由と照合。walking distance ofの定型。""}","{""level"": ""基礎〜中級（編集上の目安・実測校正なし）"", ""scope"": ""前置詞・定型"", ""context"": ""会場付近の飲食店案内として自然。""}","{""exactSentence"": ""全180文に完全一致なし"", ""relatedItems"": [], ""assessment"": ""全文の重複なし。分野内の反復は練習設計として維持。""}",[],,
p5-066,前置詞・語法,practice,"[""日々の練習"", ""分野別"", ""問題選択"", ""論点別"", ""復習""]","[""prep-choice"", ""prep-collocation""]","In accordance ------- company policy, all visitors must sign in at reception.","[""of"", ""for"", ""to"", ""with""]",3,会社の方針に従い、来訪者は全員受付で入館記録を付ける必要があります。,in accordance withで〜に従って。,"[""この定型表現はofを使わない。"", ""この定型表現はforを使わない。"", ""according toと混同しない。accordanceにはwith。"", ""in accordance withで方針への準拠を示す。""]",False,来訪者の受付記帳義務という自然な文。,"{""verdict"": ""pass-after-review"", ""evidence"": ""in accordance withで〜に従って。""}","{""verdict"": ""single-best-answer-after-review"", ""answer"": ""with"", ""evidence"": ""in accordance withが定型でaccording toとの混同を防ぐ。""}","{""text"": ""会社の方針に従い、来訪者は全員受付で入館記録を付ける必要があります。"", ""review"": ""会社方針に従う点と全来訪者を保持。""}","{""takeaway"": ""in accordance withで〜に従って。"", ""review"": ""4選択肢を文に代入し、上記の各理由と照合。in accordance withが定型でaccording toとの混同を防ぐ。""}","{""level"": ""基礎〜中級（編集上の目安・実測校正なし）"", ""scope"": ""前置詞・定型"", ""context"": ""来訪者の受付記帳義務という自然な文。""}","{""exactSentence"": ""全180文に完全一致なし"", ""relatedItems"": [""p5-a-5-04""], ""assessment"": ""同じ構文・語の復習を含むが、文脈または求める語形が異なり、IDごとの練習として維持。""}",[],,
p5-067,前置詞・語法,practice,"[""日々の練習"", ""分野別"", ""問題選択"", ""論点別"", ""復習""]","[""prep-choice""]",The contract is subject ------- approval by the legal department.,"[""with"", ""to"", ""at"", ""of""]",1,その契約は法務部の承認を条件としています。,be subject toで〜を条件とする。,"[""subject withという形では条件を表さない。"", ""subject to approvalで承認を条件とする。"", ""subject atという形では条件を表さない。"", ""subject ofは話題などの別表現。この構文に合わない。""]",False,法務承認を条件とする契約の自然な文。,"{""verdict"": ""pass-after-review"", ""evidence"": ""be subject toで〜を条件とする。""}","{""verdict"": ""single-best-answer-after-review"", ""answer"": ""to"", ""evidence"": ""subject to approvalの形容詞用法。""}","{""text"": ""その契約は法務部の承認を条件としています。"", ""review"": ""subjectを主題ではなく条件として訳す。""}","{""takeaway"": ""be subject toで〜を条件とする。"", ""review"": ""4選択肢を文に代入し、上記の各理由と照合。subject to approvalの形容詞用法。""}","{""level"": ""中級（編集上の目安・実測校正なし）"", ""scope"": ""前置詞・定型"", ""context"": ""法務承認を条件とする契約の自然な文。""}","{""exactSentence"": ""全180文に完全一致なし"", ""relatedItems"": [], ""assessment"": ""全文の重複なし。分野内の反復は練習設計として維持。""}",[],,
p5-068,前置詞・語法,practice,"[""日々の練習"", ""分野別"", ""問題選択"", ""論点別"", ""復習""]","[""prep-choice""]",The seminar will focus ------- practical ways to reduce operating costs.,"[""for"", ""at"", ""by"", ""on""]",3,セミナーでは運営費を削減する実践的な方法に焦点を当てます。,focus onで〜に焦点を当てる。,"[""focus forでは焦点の対象を直接示さない。"", ""focus atでは焦点の対象を直接示さない。"", ""byは方法・行為者などを示し、焦点の対象ではない。"", ""focus onという動詞と前置詞の組み合わせ。""]",False,コスト削減セミナーの案内として自然。,"{""verdict"": ""pass-after-review"", ""evidence"": ""focus onで〜に焦点を当てる。""}","{""verdict"": ""single-best-answer-after-review"", ""answer"": ""on"", ""evidence"": ""focus onが焦点の対象を取る。""}","{""text"": ""セミナーでは運営費を削減する実践的な方法に焦点を当てます。"", ""review"": ""operating costsを運営費として適切。""}","{""takeaway"": ""focus onで〜に焦点を当てる。"", ""review"": ""4選択肢を文に代入し、上記の各理由と照合。focus onが焦点の対象を取る。""}","{""level"": ""基礎〜中級（編集上の目安・実測校正なし）"", ""scope"": ""前置詞・定型"", ""context"": ""コスト削減セミナーの案内として自然。""}","{""exactSentence"": ""全180文に完全一致なし"", ""relatedItems"": [], ""assessment"": ""全文の重複なし。分野内の反復は練習設計として維持。""}",[],,
p5-069,前置詞・語法,practice,"[""日々の練習"", ""分野別"", ""問題選択"", ""論点別"", ""復習""]","[""prep-choice""]",The store offers a full refund ------- proof of purchase.,"[""upon presentation of"", ""in comparison with"", ""as opposed to"", ""in contrast to""]",0,その店は購入証明の提示があれば全額返金します。,購入証明を提示した時に返金する、という条件を表す。,"[""「〜の提示時に」。返金を受ける条件に合う。"", ""「〜と比較して」。購入証明を返金の比較対象にするのは文脈に合わない。"", ""「〜ではなく」。返金と購入証明を二つの代案として対比する意味になり、返金の条件を表さない。"", ""「〜と対照的に」。返金と購入証明を対比するのは文脈に合わない。""]",True,購入証明に基づく返金規程の自然な文。,"{""verdict"": ""pass-after-review"", ""evidence"": ""購入証明を提示した時に返金する、という条件を表す。""}","{""verdict"": ""single-best-answer-after-review"", ""answer"": ""upon presentation of"", ""evidence"": ""旧in exchange forにも成立余地があり差し替え。残りは比較・対比で条件に合わない。""}","{""text"": ""その店は購入証明の提示があれば全額返金します。"", ""review"": ""提示の時という条件を和訳で保持。""}","{""takeaway"": ""購入証明を提示した時に返金する、という条件を表す。"", ""review"": ""4選択肢を文に代入し、上記の各理由と照合。旧in exchange forにも成立余地があり差し替え。残りは比較・対比で条件に合わない。""}","{""level"": ""中級（編集上の目安・実測校正なし）"", ""scope"": ""前置詞・定型"", ""context"": ""購入証明に基づく返金規程の自然な文。""}","{""exactSentence"": ""全180文に完全一致なし"", ""relatedItems"": [""p5-a-6-20""], ""assessment"": ""同じ構文・語の復習を含むが、文脈または求める語形が異なり、IDごとの練習として維持。""}",[],,
p5-070,前置詞・語法,practice,"[""日々の練習"", ""分野別"", ""問題選択"", ""論点別"", ""復習""]","[""prep-choice""]",Please refrain ------- using mobile phones during the presentation.,"[""at"", ""to"", ""from"", ""with""]",2,プレゼンテーション中は携帯電話の使用をお控えください。,refrain from＋動名詞で〜するのを控える。,"[""refrain atという形で控える行為を示さない。"", ""refrain toという形で動名詞を続けない。"", ""refrain from usingで使用を控える。"", ""refrain withという形で控える行為を示さない。""]",False,講演中の携帯利用を控える自然な依頼。,"{""verdict"": ""pass-after-review"", ""evidence"": ""refrain from＋動名詞で〜するのを控える。""}","{""verdict"": ""single-best-answer-after-review"", ""answer"": ""from"", ""evidence"": ""refrain from usingが定型。""}","{""text"": ""プレゼンテーション中は携帯電話の使用をお控えください。"", ""review"": ""refrainを控えるとし禁止の強さを加えていない。""}","{""takeaway"": ""refrain from＋動名詞で〜するのを控える。"", ""review"": ""4選択肢を文に代入し、上記の各理由と照合。refrain from usingが定型。""}","{""level"": ""基礎〜中級（編集上の目安・実測校正なし）"", ""scope"": ""前置詞・定型"", ""context"": ""講演中の携帯利用を控える自然な依頼。""}","{""exactSentence"": ""全180文に完全一致なし"", ""relatedItems"": [], ""assessment"": ""全文の重複なし。分野内の反復は練習設計として維持。""}",[],,
p5-071,前置詞・語法,assessment,"[""チャレンジ01"", ""回答後の復習""]","[""prep-choice""]",The marketing director congratulated the team ------- exceeding its annual sales target.,"[""from"", ""with"", ""on"", ""at""]",2,マーケティング部長は年間売上目標を超えたチームを祝福しました。,congratulate＋人＋onで、祝う内容を続ける。,"[""fromは祝福の内容を導く形ではない。"", ""withは祝福の理由を導く形ではない。"", ""congratulate the team onという標準的な形。"", ""atは祝福の理由を導く形ではない。""]",False,売上達成への祝福という自然な職場文。,"{""verdict"": ""pass-after-review"", ""evidence"": ""congratulate＋人＋onで、祝う内容を続ける。""}","{""verdict"": ""single-best-answer-after-review"", ""answer"": ""on"", ""evidence"": ""congratulate the team on exceedingの前置詞選択。""}","{""text"": ""マーケティング部長は年間売上目標を超えたチームを祝福しました。"", ""review"": ""目標を超えたことで祝う関係を保持。""}","{""takeaway"": ""congratulate＋人＋onで、祝う内容を続ける。"", ""review"": ""4選択肢を文に代入し、上記の各理由と照合。congratulate the team on exceedingの前置詞選択。""}","{""level"": ""基礎〜中級（編集上の目安・実測校正なし）"", ""scope"": ""前置詞・定型"", ""context"": ""売上達成への祝福という自然な職場文。""}","{""exactSentence"": ""全180文に完全一致なし"", ""relatedItems"": [], ""assessment"": ""全文の重複なし。分野内の反復は練習設計として維持。""}",[],,
p5-072,前置詞・語法,assessment,"[""チャレンジ01"", ""回答後の復習""]","[""prep-choice""]",The new scanner is compatible ------- all computers currently used in the office.,"[""of"", ""with"", ""by"", ""to""]",1,新しいスキャナーは現在オフィスで使っている全コンピューターと互換性があります。,be compatible withで〜と互換性がある。,"[""この形容詞の相手を示す前置詞はwith。"", ""compatible withの定型的な組み合わせ。"", ""行為者を示すbyの用法ではない。"", ""この形容詞の相手を示す前置詞はwith。""]",False,スキャナーの対応機種説明として自然。,"{""verdict"": ""pass-after-review"", ""evidence"": ""be compatible withで〜と互換性がある。""}","{""verdict"": ""single-best-answer-after-review"", ""answer"": ""with"", ""evidence"": ""compatible withがこの互換性の相手を示す。""}","{""text"": ""新しいスキャナーは現在オフィスで使っている全コンピューターと互換性があります。"", ""review"": ""currentlyとallを訳に反映。""}","{""takeaway"": ""be compatible withで〜と互換性がある。"", ""review"": ""4選択肢を文に代入し、上記の各理由と照合。compatible withがこの互換性の相手を示す。""}","{""level"": ""基礎〜中級（編集上の目安・実測校正なし）"", ""scope"": ""前置詞・定型"", ""context"": ""スキャナーの対応機種説明として自然。""}","{""exactSentence"": ""全180文に完全一致なし"", ""relatedItems"": [], ""assessment"": ""全文の重複なし。分野内の反復は練習設計として維持。""}",[],,
p5-073,前置詞・語法,assessment,"[""チャレンジ01"", ""回答後の復習""]","[""prep-choice""]",Candidates must have at ------- three years of experience in a similar role.,"[""less"", ""least"", ""little"", ""few""]",1,応募者には同様の職務で最低3年の経験が必要です。,at leastで最低でも・少なくとも。,"[""at lessでは最低限という表現を作れない。"", ""at least three yearsで少なくとも3年。"", ""at littleでは最低限という表現を作れない。"", ""at fewでは最低限という表現を作れない。""]",False,応募に必要な経験年数の自然な規程。,"{""verdict"": ""pass-after-review"", ""evidence"": ""at leastで最低でも・少なくとも。""}","{""verdict"": ""single-best-answer-after-review"", ""answer"": ""least"", ""evidence"": ""at leastのみが最低限の定型句。""}","{""text"": ""応募者には同様の職務で最低3年の経験が必要です。"", ""review"": ""少なくとも3年を最低3年と保持。""}","{""takeaway"": ""at leastで最低でも・少なくとも。"", ""review"": ""4選択肢を文に代入し、上記の各理由と照合。at leastのみが最低限の定型句。""}","{""level"": ""基礎〜中級（編集上の目安・実測校正なし）"", ""scope"": ""前置詞・定型"", ""context"": ""応募に必要な経験年数の自然な規程。""}","{""exactSentence"": ""全180文に完全一致なし"", ""relatedItems"": [], ""assessment"": ""全文の重複なし。分野内の反復は練習設計として維持。""}",[],,
p5-074,前置詞・語法,assessment,"[""チャレンジ01"", ""回答後の復習""]","[""prep-choice""]",The manager divided the participants ------- four groups for the training exercise.,"[""over"", ""through"", ""toward"", ""into""]",3,管理者は研修演習のため参加者を4グループに分けました。,divide A into BでAをBという区分に分ける。,"[""overはこの文で分割後のグループを示す標準的な前置詞ではない。"", ""throughは通過・手段などを示し、グループへの区分に合わない。"", ""towardは方向・対象などを表すが、divide A into Bのように分割後の区分を示さない。"", ""into four groupsで4グループに分ける。""]",True,研修のグループ分けという自然な文。,"{""verdict"": ""pass-after-review"", ""evidence"": ""divide A into BでAをBという区分に分ける。""}","{""verdict"": ""single-best-answer-after-review"", ""answer"": ""into"", ""evidence"": ""intoが分割後の構成を示す。betweenの配分読みを避けtowardに変更。""}","{""text"": ""管理者は研修演習のため参加者を4グループに分けました。"", ""review"": ""参加者を4群に形成する意味を保持。""}","{""takeaway"": ""divide A into BでAをBという区分に分ける。"", ""review"": ""4選択肢を文に代入し、上記の各理由と照合。intoが分割後の構成を示す。betweenの配分読みを避けtowardに変更。""}","{""level"": ""基礎〜中級（編集上の目安・実測校正なし）"", ""scope"": ""前置詞・定型"", ""context"": ""研修のグループ分けという自然な文。""}","{""exactSentence"": ""全180文に完全一致なし"", ""relatedItems"": [""p5-a-5-02""], ""assessment"": ""同じ構文・語の復習を含むが、文脈または求める語形が異なり、IDごとの練習として維持。""}","[{""url"": ""https://www.merriam-webster.com/grammar/between-among-amongst-use"", ""finding"": ""betweenは区別された三者以上にも使用される。二者限定の規則を教えない。"", ""access"": ""web search extracted entry 2026-10-02""}]",,
p5-075,前置詞・語法,assessment,"[""チャレンジ01"", ""回答後の復習""]","[""prep-choice""]",The revised price list will take ------- on the first day of next month.,"[""effectively"", ""effects"", ""effect"", ""effective""]",2,改訂価格表は来月1日に適用開始となります。,take effectで発効する・有効になる。,"[""副詞「効果的に」。takeの目的語にならない。"", ""複数形。定型表現は単数形effectを使う。"", ""名詞。take effectという定型表現。"", ""形容詞「有効な」。become effectiveなら使える。""]",False,価格表の適用開始日の自然な案内。,"{""verdict"": ""pass-after-review"", ""evidence"": ""take effectで発効する・有効になる。""}","{""verdict"": ""single-best-answer-after-review"", ""answer"": ""effect"", ""evidence"": ""take effectが発効を表す定型句。""}","{""text"": ""改訂価格表は来月1日に適用開始となります。"", ""review"": ""月初日を来月1日と正確に訳す。""}","{""takeaway"": ""take effectで発効する・有効になる。"", ""review"": ""4選択肢を文に代入し、上記の各理由と照合。take effectが発効を表す定型句。""}","{""level"": ""基礎〜中級（編集上の目安・実測校正なし）"", ""scope"": ""前置詞・定型"", ""context"": ""価格表の適用開始日の自然な案内。""}","{""exactSentence"": ""全180文に完全一致なし"", ""relatedItems"": [], ""assessment"": ""全文の重複なし。分野内の反復は練習設計として維持。""}",[],,
p5-076,語彙,practice,"[""日々の練習"", ""分野別"", ""問題選択"", ""論点別"", ""復習""]","[""vocab-context"", ""vocab-collocation""]",The airline will ------- passengers for reasonable hotel expenses caused by the overnight delay.,"[""resemble"", ""reimburse"", ""recruit"", ""relocate""]",1,航空会社は一晩に及ぶ遅延によって生じた妥当な宿泊費を乗客に払い戻します。,人に費用を払い戻す、という意味とreimburse A for Bの形。,"[""「似ている」。費用への対応という文脈に合わない。"", ""「払い戻す」。乗客に宿泊費を返すという内容に合う。"", ""「採用する」。宿泊費を返す意味ではない。"", ""「移転させる」。費用の払い戻しではない。""]",False,遅延時の宿泊費補償という自然な航空業務文。,"{""verdict"": ""pass-after-review"", ""evidence"": ""人に費用を払い戻す、という意味とreimburse A for Bの形。""}","{""verdict"": ""single-best-answer-after-review"", ""answer"": ""reimburse"", ""evidence"": ""reimburse passengers for expensesだけが費用の返金を表す。他動詞は意味上不適切。""}","{""text"": ""航空会社は一晩に及ぶ遅延によって生じた妥当な宿泊費を乗客に払い戻します。"", ""review"": ""reasonableを妥当な費用と保持。""}","{""takeaway"": ""人に費用を払い戻す、という意味とreimburse A for Bの形。"", ""review"": ""4選択肢を文に代入し、上記の各理由と照合。reimburse passengers for expensesだけが費用の返金を表す。他動詞は意味上不適切。""}","{""level"": ""基礎〜中級（編集上の目安・実測校正なし）"", ""scope"": ""語彙・コロケーション"", ""context"": ""遅延時の宿泊費補償という自然な航空業務文。""}","{""exactSentence"": ""全180文に完全一致なし"", ""relatedItems"": [""p5-a-6-02""], ""assessment"": ""同じ構文・語の復習を含むが、文脈または求める語形が異なり、IDごとの練習として維持。""}",[],,
p5-077,語彙,practice,"[""日々の練習"", ""分野別"", ""問題選択"", ""論点別"", ""復習""]","[""vocab-context"", ""vocab-collocation""]","Because the advertised model was out of stock, the customer accepted a suitable -------.","[""subscription"", ""supervisor"", ""substitute"", ""signature""]",2,広告の機種が品切れだったため、顧客は適切な代替品を受け入れました。,品切れの商品に代わる物を選ぶ。,"[""「定期購読・利用契約」。代わりの機種という文脈に合わない。"", ""「上司・監督者」。商品の代わりではない。"", ""「代替品」。欠品したモデルの代わりになる。"", ""「署名」。商品の代わりにならない。""]",False,品切れ時の代替品受入れという自然な販売文。,"{""verdict"": ""pass-after-review"", ""evidence"": ""品切れの商品に代わる物を選ぶ。""}","{""verdict"": ""single-best-answer-after-review"", ""answer"": ""substitute"", ""evidence"": ""substituteが欠品したモデルの代わりの物。""}","{""text"": ""広告の機種が品切れだったため、顧客は適切な代替品を受け入れました。"", ""review"": ""suitableの適切さを訳に保持。""}","{""takeaway"": ""品切れの商品に代わる物を選ぶ。"", ""review"": ""4選択肢を文に代入し、上記の各理由と照合。substituteが欠品したモデルの代わりの物。""}","{""level"": ""基礎〜中級（編集上の目安・実測校正なし）"", ""scope"": ""語彙・コロケーション"", ""context"": ""品切れ時の代替品受入れという自然な販売文。""}","{""exactSentence"": ""全180文に完全一致なし"", ""relatedItems"": [], ""assessment"": ""全文の重複なし。分野内の反復は練習設計として維持。""}",[],,
p5-078,語彙,practice,"[""日々の練習"", ""分野別"", ""問題選択"", ""論点別"", ""復習""]","[""vocab-context""]",The legal department will ------- the contract to ensure that all clauses comply with local regulations.,"[""reserve"", ""remove"", ""resume"", ""review""]",3,法務部は全条項が現地規則に適合するか契約書を確認します。,規則との適合を確かめるために契約内容を検討する。,"[""「予約・確保する」。条項の確認にならない。"", ""「取り除く」。適合を確かめる作業ではない。"", ""「再開する」。条項の確認を意味しない。"", ""「検討・確認する」。条項を調べる目的に合う。""]",False,法令適合のための契約確認という自然な文。,"{""verdict"": ""pass-after-review"", ""evidence"": ""規則との適合を確かめるために契約内容を検討する。""}","{""verdict"": ""single-best-answer-after-review"", ""answer"": ""review"", ""evidence"": ""目的ensure complianceを満たすのはreview。""}","{""text"": ""法務部は全条項が現地規則に適合するか契約書を確認します。"", ""review"": ""全条項の確認と現地規則を保持。""}","{""takeaway"": ""規則との適合を確かめるために契約内容を検討する。"", ""review"": ""4選択肢を文に代入し、上記の各理由と照合。目的ensure complianceを満たすのはreview。""}","{""level"": ""基礎〜中級（編集上の目安・実測校正なし）"", ""scope"": ""語彙・コロケーション"", ""context"": ""法令適合のための契約確認という自然な文。""}","{""exactSentence"": ""全180文に完全一致なし"", ""relatedItems"": [], ""assessment"": ""全文の重複なし。分野内の反復は練習設計として維持。""}",[],,
p5-079,語彙,practice,"[""日々の練習"", ""分野別"", ""問題選択"", ""論点別"", ""復習""]","[""vocab-context""]",The hotel offers ------- shuttle service to the airport at no additional charge.,"[""complimentary"", ""comparative"", ""compulsory"", ""confidential""]",0,ホテルは追加料金なしで空港への無料送迎を提供しています。,at no additional chargeが「無料」の手がかり。,"[""「無料の」。追加料金なしと一致する。"", ""「比較の・相対的な」。送迎が無料であるという説明に合わない。"", ""「義務的な」。利用を強制する意味になり、無料という料金の説明には合わない。"", ""「秘密の」。料金がかからないことを説明しない。""]",True,ホテルの無料送迎という自然な案内。,"{""verdict"": ""pass-after-review"", ""evidence"": ""at no additional chargeが「無料」の手がかり。""}","{""verdict"": ""single-best-answer-after-review"", ""answer"": ""complimentary"", ""evidence"": ""一次監査後の独立QA追加指摘：competitive（競争力のある）は無料の送迎にも成立する余地があるため、comparative（比較の・相対的な）へ変更。残る語も文法的誤りではなく、無料という料金説明との文脈上の不一致として扱う。""}","{""text"": ""ホテルは追加料金なしで空港への無料送迎を提供しています。"", ""review"": ""complimentaryを称賛のではなく無料のと文脈で訳す。""}","{""takeaway"": ""at no additional chargeが「無料」の手がかり。"", ""review"": ""最終原稿の4選択肢と表示順を再照合。一次監査後の独立QA追加指摘：competitive（競争力のある）は無料の送迎にも成立する余地があるため、comparative（比較の・相対的な）へ変更。残る語も文法的誤りではなく、無料という料金説明との文脈上の不一致として扱う。""}","{""level"": ""基礎〜中級（編集上の目安・実測校正なし）"", ""scope"": ""語彙・コロケーション"", ""context"": ""ホテルの無料送迎という自然な案内。""}","{""exactSentence"": ""全180文に完全一致なし"", ""relatedItems"": [""p5-010""], ""assessment"": ""同じ構文・語の復習を含むが、文脈または求める語形が異なり、IDごとの練習として維持。""}","[{""url"": ""https://dictionary.cambridge.org/dictionary/learner-english/complimentary"", ""finding"": ""称賛の義と事業者が無料提供する義の両方を確認。本問は後者。"", ""access"": ""web search excerpt 2026-10-02""}]","{""stage"": ""一次監査後の独立QA追加"", ""finding"": ""一次監査後の独立QA追加指摘：competitive（競争力のある）は無料の送迎にも成立する余地があるため、comparative（比較の・相対的な）へ変更。残る語も文法的誤りではなく、無料という料金説明との文脈上の不一致として扱う。"", ""resolution"": ""親担当が問題原稿を修正。一次監査担当は原稿を変更せず監査記録を同期。""}",
p5-080,語彙,practice,"[""日々の練習"", ""分野別"", ""問題選択"", ""論点別"", ""復習""]","[""vocab-context""]","To avoid interruptions, please ------- that your mobile phone is switched off before the presentation begins.","[""deny"", ""ensure"", ""assume"", ""predict""]",1,進行を妨げないよう、開始前に携帯電話の電源が切れていることを確かめてください。,中断を防ぐため、状態を確実にするという動詞。,"[""「否定する」。依頼の目的と逆の内容。"", ""「確実にする」。電源が切れた状態を確認する依頼。"", ""「仮定する」。仮定だけでは中断を防げない。"", ""「予測する」。電源状態を確かにする意味ではない。""]",False,講演を中断させないための端末確認。,"{""verdict"": ""pass-after-review"", ""evidence"": ""中断を防ぐため、状態を確実にするという動詞。""}","{""verdict"": ""single-best-answer-after-review"", ""answer"": ""ensure"", ""evidence"": ""目的に合う確実化はensure。assume/predict/denyは状態を保証しない。""}","{""text"": ""進行を妨げないよう、開始前に携帯電話の電源が切れていることを確かめてください。"", ""review"": ""switched offを単なる消音ではなく電源オフとする。""}","{""takeaway"": ""中断を防ぐため、状態を確実にするという動詞。"", ""review"": ""4選択肢を文に代入し、上記の各理由と照合。目的に合う確実化はensure。assume/predict/denyは状態を保証しない。""}","{""level"": ""基礎〜中級（編集上の目安・実測校正なし）"", ""scope"": ""語彙・コロケーション"", ""context"": ""講演を中断させないための端末確認。""}","{""exactSentence"": ""全180文に完全一致なし"", ""relatedItems"": [], ""assessment"": ""全文の重複なし。分野内の反復は練習設計として維持。""}",[],,
p5-081,語彙,practice,"[""日々の練習"", ""分野別"", ""問題選択"", ""論点別"", ""復習""]","[""vocab-context""]",The warehouse has reached its maximum storage ------- and cannot accept any more deliveries.,"[""quality"", ""possibility"", ""capacity"", ""vacancy""]",2,倉庫は保管容量の上限に達し、これ以上入荷を受け入れられません。,これ以上保管できないという文脈から収容能力を選ぶ。,"[""「品質」。保管の質が高いことは受け入れ可能な量の上限を表さない。"", ""「可能性」。収納容量の意味にならない。"", ""「収容能力・容量」。maximum storage capacityで最大保管容量。"", ""「空き・欠員」。空きが最大なら追加受け入れができないという後半と合わない。""]",True,倉庫満杯と受入れ停止の自然な説明。,"{""verdict"": ""pass-after-review"", ""evidence"": ""これ以上保管できないという文脈から収容能力を選ぶ。""}","{""verdict"": ""single-best-answer-after-review"", ""answer"": ""capacity"", ""evidence"": ""一次監査後の独立QA追加指摘：storage quantityは保管数量として解釈できる余地があるため、quantityをqualityへ変更。vacancyの説明も、空きが最大なら追加受入れ不能という後半と矛盾することを明確化。""}","{""text"": ""倉庫は保管容量の上限に達し、これ以上入荷を受け入れられません。"", ""review"": ""capacityの能力・容量の意味を保持。""}","{""takeaway"": ""これ以上保管できないという文脈から収容能力を選ぶ。"", ""review"": ""最終原稿の4選択肢と表示順を再照合。一次監査後の独立QA追加指摘：storage quantityは保管数量として解釈できる余地があるため、quantityをqualityへ変更。vacancyの説明も、空きが最大なら追加受入れ不能という後半と矛盾することを明確化。""}","{""level"": ""基礎〜中級（編集上の目安・実測校正なし）"", ""scope"": ""語彙・コロケーション"", ""context"": ""倉庫満杯と受入れ停止の自然な説明。""}","{""exactSentence"": ""全180文に完全一致なし"", ""relatedItems"": [], ""assessment"": ""全文の重複なし。分野内の反復は練習設計として維持。""}",[],"{""stage"": ""一次監査後の独立QA追加"", ""finding"": ""一次監査後の独立QA追加指摘：storage quantityは保管数量として解釈できる余地があるため、quantityをqualityへ変更。vacancyの説明も、空きが最大なら追加受入れ不能という後半と矛盾することを明確化。"", ""resolution"": ""親担当が問題原稿を修正。一次監査担当は原稿を変更せず監査記録を同期。""}",
p5-082,語彙,practice,"[""日々の練習"", ""分野別"", ""問題選択"", ""論点別"", ""復習""]","[""vocab-context""]","The maintenance team will conduct a ------- inspection every Monday, regardless of whether any problems have been reported.","[""temporary"", ""reluctant"", ""portable"", ""routine""]",3,問題報告の有無にかかわらず、保守チームは毎週月曜日に定期点検を行います。,毎週決まって行う検査なので定例の、を選ぶ。,"[""「一時的な」。問題の有無にかかわらず定例で行う意味ではない。"", ""「気が進まない」。通常は人の気持ちを表す。"", ""「携帯できる」。点検の頻度を表さない。"", ""「定例の」。毎週行う点検に合う。""]",False,障害の有無に関係ない定期点検という自然な文。,"{""verdict"": ""pass-after-review"", ""evidence"": ""毎週決まって行う検査なので定例の、を選ぶ。""}","{""verdict"": ""single-best-answer-after-review"", ""answer"": ""routine"", ""evidence"": ""every Mondayがroutineを支える。他語は定例という頻度を示さない。""}","{""text"": ""問題報告の有無にかかわらず、保守チームは毎週月曜日に定期点検を行います。"", ""review"": ""regardless of whetherの有無を問わない意味を保持。""}","{""takeaway"": ""毎週決まって行う検査なので定例の、を選ぶ。"", ""review"": ""4選択肢を文に代入し、上記の各理由と照合。every Mondayがroutineを支える。他語は定例という頻度を示さない。""}","{""level"": ""基礎〜中級（編集上の目安・実測校正なし）"", ""scope"": ""語彙・コロケーション"", ""context"": ""障害の有無に関係ない定期点検という自然な文。""}","{""exactSentence"": ""全180文に完全一致なし"", ""relatedItems"": [], ""assessment"": ""全文の重複なし。分野内の反復は練習設計として維持。""}",[],,
p5-083,語彙,practice,"[""日々の練習"", ""分野別"", ""問題選択"", ""論点別"", ""復習""]","[""vocab-context""]",The two companies signed a ------- agreement not to disclose the details of their negotiations.,"[""confidentiality"", ""productivity"", ""hospitality"", ""availability""]",0,両社は交渉内容を開示しないという秘密保持契約を結びました。,not to discloseが秘密保持の手がかり。,"[""「秘密保持」。confidentiality agreementで秘密保持契約。"", ""「生産性」。情報の非開示という契約に合わない。"", ""「もてなし」。情報を守る意味ではない。"", ""「利用可能性」。情報の非開示とは異なる。""]",False,交渉に関する秘密保持契約という自然な文。,"{""verdict"": ""pass-after-review"", ""evidence"": ""not to discloseが秘密保持の手がかり。""}","{""verdict"": ""single-best-answer-after-review"", ""answer"": ""confidentiality"", ""evidence"": ""not to discloseがconfidentialityを直接説明。""}","{""text"": ""両社は交渉内容を開示しないという秘密保持契約を結びました。"", ""review"": ""署名を結んだと自然に意訳して契約内容を保持。""}","{""takeaway"": ""not to discloseが秘密保持の手がかり。"", ""review"": ""4選択肢を文に代入し、上記の各理由と照合。not to discloseがconfidentialityを直接説明。""}","{""level"": ""基礎〜中級（編集上の目安・実測校正なし）"", ""scope"": ""語彙・コロケーション"", ""context"": ""交渉に関する秘密保持契約という自然な文。""}","{""exactSentence"": ""全180文に完全一致なし"", ""relatedItems"": [], ""assessment"": ""全文の重複なし。分野内の反復は練習設計として維持。""}",[],,
p5-084,語彙,practice,"[""日々の練習"", ""分野別"", ""問題選択"", ""論点別"", ""復習""]","[""vocab-context""]",The flight was ------- until the following morning because of severe weather conditions.,"[""preserved"", ""postponed"", ""promoted"", ""prescribed""]",1,悪天候のため、その便は翌朝まで延期されました。,until the following morningと悪天候から、予定を後へずらす意味を選ぶ。,"[""「保存された」。延期を表さない。"", ""「延期された」。悪天候で翌朝に変更する内容。"", ""「昇進・宣伝された」。運航時刻の変更ではない。"", ""「処方・規定された」。運航時刻の変更ではない。""]",False,悪天候による翌朝への延期という自然な旅行文。,"{""verdict"": ""pass-after-review"", ""evidence"": ""until the following morningと悪天候から、予定を後へずらす意味を選ぶ。""}","{""verdict"": ""single-best-answer-after-review"", ""answer"": ""postponed"", ""evidence"": ""postponedのみがuntil以下の延期時点と整合。""}","{""text"": ""悪天候のため、その便は翌朝まで延期されました。"", ""review"": ""翌朝までと悪天候の因果を保持。""}","{""takeaway"": ""until the following morningと悪天候から、予定を後へずらす意味を選ぶ。"", ""review"": ""4選択肢を文に代入し、上記の各理由と照合。postponedのみがuntil以下の延期時点と整合。""}","{""level"": ""基礎〜中級（編集上の目安・実測校正なし）"", ""scope"": ""語彙・コロケーション"", ""context"": ""悪天候による翌朝への延期という自然な旅行文。""}","{""exactSentence"": ""全180文に完全一致なし"", ""relatedItems"": [""p5-a-6-16""], ""assessment"": ""同じ構文・語の復習を含むが、文脈または求める語形が異なり、IDごとの練習として維持。""}",[],,
p5-085,語彙,practice,"[""日々の練習"", ""分野別"", ""問題選択"", ""論点別"", ""復習""]","[""vocab-context""]","The annual fee includes ------- access to all online courses, with no limit on the number of lessons taken.","[""unfinished"", ""unfamiliar"", ""unlimited"", ""unrelated""]",2,年会費には受講数制限のない、全オンライン講座への無制限アクセスが含まれています。,with no limitが選択の直接の根拠。,"[""「未完成の」。利用回数の制限を説明しない。"", ""「なじみのない」。利用回数の制限を説明しない。"", ""「無制限の」。受講数の制限なしという説明に合う。"", ""「無関係の」。利用回数の制限を説明しない。""]",False,講座受講回数に制限がない料金説明。,"{""verdict"": ""pass-after-review"", ""evidence"": ""with no limitが選択の直接の根拠。""}","{""verdict"": ""single-best-answer-after-review"", ""answer"": ""unlimited"", ""evidence"": ""no limitがunlimitedの明確な言い換え。""}","{""text"": ""年会費には受講数制限のない、全オンライン講座への無制限アクセスが含まれています。"", ""review"": ""年会費に含まれる点と受講数制限のなさを保持。""}","{""takeaway"": ""with no limitが選択の直接の根拠。"", ""review"": ""4選択肢を文に代入し、上記の各理由と照合。no limitがunlimitedの明確な言い換え。""}","{""level"": ""基礎〜中級（編集上の目安・実測校正なし）"", ""scope"": ""語彙・コロケーション"", ""context"": ""講座受講回数に制限がない料金説明。""}","{""exactSentence"": ""全180文に完全一致なし"", ""relatedItems"": [], ""assessment"": ""全文の重複なし。分野内の反復は練習設計として維持。""}",[],,
p5-086,語彙,assessment,"[""チャレンジ01"", ""回答後の復習""]","[""vocab-context""]",The supplier must obtain written ------- before making any changes to the agreed specifications.,"[""performance"", ""persistence"", ""persuasion"", ""permission""]",3,供給業者は合意した仕様を変更する前に書面による許可を得る必要があります。,変更前に正式に得る許可を選ぶ。,"[""「実績・性能」。仕様変更の許可にはならない。"", ""「粘り強さ」。書面で得る認可ではない。"", ""「説得」。変更に対する正式な許可ではない。"", ""「許可」。obtain written permissionで書面の許可を得る。""]",False,仕様変更前の書面承認という自然な規程。,"{""verdict"": ""pass-after-review"", ""evidence"": ""変更前に正式に得る許可を選ぶ。""}","{""verdict"": ""single-best-answer-after-review"", ""answer"": ""permission"", ""evidence"": ""obtain written permissionが正式な許可取得。""}","{""text"": ""供給業者は合意した仕様を変更する前に書面による許可を得る必要があります。"", ""review"": ""beforeの手順とagreedの合意済みを保持。""}","{""takeaway"": ""変更前に正式に得る許可を選ぶ。"", ""review"": ""4選択肢を文に代入し、上記の各理由と照合。obtain written permissionが正式な許可取得。""}","{""level"": ""基礎〜中級（編集上の目安・実測校正なし）"", ""scope"": ""語彙・コロケーション"", ""context"": ""仕様変更前の書面承認という自然な規程。""}","{""exactSentence"": ""全180文に完全一致なし"", ""relatedItems"": [], ""assessment"": ""全文の重複なし。分野内の反復は練習設計として維持。""}",[],,
p5-087,語彙,assessment,"[""チャレンジ01"", ""回答後の復習""]","[""vocab-context""]",Applicants must submit their documents by the stated -------; late submissions will not be accepted.,"[""deadline"", ""headline"", ""outline"", ""guideline""]",0,応募者は指定の締め切りまでに書類を提出する必要があり、遅れた提出は受け付けません。,late submissionsの拒否が提出期限の手がかり。,"[""「締め切り」。by the deadlineで締め切りまでに。"", ""「見出し」。時点を示さない。"", ""「概要」。提出期限ではない。"", ""「指針」。byと結びついて期限を示す語ではない。""]",False,書類の提出期限厳守という自然な募集文。,"{""verdict"": ""pass-after-review"", ""evidence"": ""late submissionsの拒否が提出期限の手がかり。""}","{""verdict"": ""single-best-answer-after-review"", ""answer"": ""deadline"", ""evidence"": ""late submissionsとの対比とbyにdeadline。""}","{""text"": ""応募者は指定の締め切りまでに書類を提出する必要があり、遅れた提出は受け付けません。"", ""review"": ""期限後の提出が受理されない点を保持。""}","{""takeaway"": ""late submissionsの拒否が提出期限の手がかり。"", ""review"": ""4選択肢を文に代入し、上記の各理由と照合。late submissionsとの対比とbyにdeadline。""}","{""level"": ""基礎〜中級（編集上の目安・実測校正なし）"", ""scope"": ""語彙・コロケーション"", ""context"": ""書類の提出期限厳守という自然な募集文。""}","{""exactSentence"": ""全180文に完全一致なし"", ""relatedItems"": [], ""assessment"": ""全文の重複なし。分野内の反復は練習設計として維持。""}",[],,
p5-088,語彙,assessment,"[""チャレンジ01"", ""回答後の復習""]","[""vocab-context"", ""vocab-collocation""]",The company decided to ------- its lease for another three years rather than move to a new building.,"[""repair"", ""renew"", ""restore"", ""recover""]",1,その会社は移転せず、賃貸契約をさらに3年間更新することにしました。,leaseとanother three yearsの組み合わせから契約更新。,"[""「修理する」。契約は物理的に修理する対象ではない。"", ""「更新する」。renew a leaseで賃貸契約を更新する。"", ""「元の状態に戻す」。契約期間の延長を表す標準表現ではない。"", ""「回復・取り戻す」。契約期間を延ばす意味ではない。""]",False,移転を避ける賃貸更新という自然な業務文。,"{""verdict"": ""pass-after-review"", ""evidence"": ""leaseとanother three yearsの組み合わせから契約更新。""}","{""verdict"": ""single-best-answer-after-review"", ""answer"": ""renew"", ""evidence"": ""renew a leaseがさらに3年の期間延長に合う。""}","{""text"": ""その会社は移転せず、賃貸契約をさらに3年間更新することにしました。"", ""review"": ""rather than moveとanother three yearsを保持。""}","{""takeaway"": ""leaseとanother three yearsの組み合わせから契約更新。"", ""review"": ""4選択肢を文に代入し、上記の各理由と照合。renew a leaseがさらに3年の期間延長に合う。""}","{""level"": ""基礎〜中級（編集上の目安・実測校正なし）"", ""scope"": ""語彙・コロケーション"", ""context"": ""移転を避ける賃貸更新という自然な業務文。""}","{""exactSentence"": ""全180文に完全一致なし"", ""relatedItems"": [], ""assessment"": ""全文の重複なし。分野内の反復は練習設計として維持。""}",[],,
p5-089,語彙,assessment,"[""チャレンジ01"", ""回答後の復習""]","[""vocab-context""]","The tour price does not include meals, which must be paid for ------- by each participant.","[""accidentally"", ""heavily"", ""separately"", ""previously""]",2,ツアー料金に食事代は含まれず、各参加者が別途支払う必要があります。,料金に含まれないため、別の支払いが必要。,"[""「偶然に」。義務としての支払いと合わない。"", ""「重く・大いに」。別料金という内容を示さない。"", ""「別途」。ツアー代とは別に支払う内容。"", ""「以前に」。別料金という区別を示さない。""]",False,旅行代金に含まれない食事代の支払い。,"{""verdict"": ""pass-after-review"", ""evidence"": ""料金に含まれないため、別の支払いが必要。""}","{""verdict"": ""single-best-answer-after-review"", ""answer"": ""separately"", ""evidence"": ""separatelyが本体料金と別の支払い。previouslyはmust be paidとの時間関係にも不自然。""}","{""text"": ""ツアー料金に食事代は含まれず、各参加者が別途支払う必要があります。"", ""review"": ""各参加者の別途支払いを保持。""}","{""takeaway"": ""料金に含まれないため、別の支払いが必要。"", ""review"": ""4選択肢を文に代入し、上記の各理由と照合。separatelyが本体料金と別の支払い。previouslyはmust be paidとの時間関係にも不自然。""}","{""level"": ""基礎〜中級（編集上の目安・実測校正なし）"", ""scope"": ""語彙・コロケーション"", ""context"": ""旅行代金に含まれない食事代の支払い。""}","{""exactSentence"": ""全180文に完全一致なし"", ""relatedItems"": [], ""assessment"": ""全文の重複なし。分野内の反復は練習設計として維持。""}",[],,
p5-090,語彙,assessment,"[""チャレンジ01"", ""回答後の復習""]","[""vocab-context"", ""vocab-collocation""]",The new packaging is designed to ------- fragile items from damage during transportation.,"[""prevent"", ""prohibit"", ""pretend"", ""protect""]",3,新しい包装は輸送中の破損から壊れやすい品物を守る設計です。,protect A from BでAをBから守る。,"[""「防ぐ」。prevent damageなら損傷そのものを防ぐ意味になるが、この目的語fragile itemsを損傷から守る形にはprotectを使う。"", ""「禁止する」。品物を損傷から守る意味ではない。"", ""「ふりをする」。この目的語・前置詞と内容に合わない。"", ""「守る」。protect A from Bで品物を破損から保護する内容に合う。""]",True,輸送中の壊れ物の保護という自然な物流文。,"{""verdict"": ""pass-after-review"", ""evidence"": ""protect A from BでAをBから守る。""}","{""verdict"": ""single-best-answer-after-review"", ""answer"": ""protect"", ""evidence"": ""protect items from damageが目的物を守る形。prevent damageとの違いを説明。""}","{""text"": ""新しい包装は輸送中の破損から壊れやすい品物を守る設計です。"", ""review"": ""fragileを壊れやすいと訳し防ぐ対象が損傷である点を保持。""}","{""takeaway"": ""protect A from BでAをBから守る。"", ""review"": ""4選択肢を文に代入し、上記の各理由と照合。protect items from damageが目的物を守る形。prevent damageとの違いを説明。""}","{""level"": ""基礎〜中級（編集上の目安・実測校正なし）"", ""scope"": ""語彙・コロケーション"", ""context"": ""輸送中の壊れ物の保護という自然な物流文。""}","{""exactSentence"": ""全180文に完全一致なし"", ""relatedItems"": [], ""assessment"": ""全文の重複なし。分野内の反復は練習設計として維持。""}",[],,
p5-a-1-01,品詞,practice,"[""日々の練習"", ""分野別"", ""問題選択"", ""論点別"", ""復習""]","[""pos-noun""]",The museum welcomed the ------- of a rare map to its permanent collection.,"[""donation"", ""donate"", ""donated"", ""donates""]",0,博物館は常設コレクションへの貴重な地図の寄贈を歓迎しました。,冠詞に続き、ofで内容を説明される名詞を置く。,"[""名詞「寄贈」。the donation of a mapの形。"", ""動詞の原形。冠詞の直後には置けない。"", ""過去形・過去分詞。ここには名詞の中心語が必要。"", ""動詞の三単現。冠詞の直後で名詞の役割を果たせない。""]",False,welcomed the donation of a mapは寄贈への謝意として自然。,theとofに挟まれた目的語の中心名詞を判定。,"{""answerIndex"": 0, ""answer"": ""donation"", ""judgment"": ""4選択肢を下記のとおり検討し、この設問で最も適切な解答は1つ。文脈選択の他候補を一律に文法違反とは扱わない。"", ""basis"": ""theとofに挟まれた目的語の中心名詞を判定。""}",常設収蔵品への地図寄贈という方向・時制を保持。,"{""review"": ""evidence・takeaway・全4肢のreasonsを英文と照合。"", ""finding"": ""theとofに挟まれた目的語の中心名詞を判定。""}",基礎・博物館の収集活動。難度は編集上の目安で、公式校正済み難度ではない。,"{""exactStemDuplicates"": [], ""semanticReview"": ""名詞の位置の反復練習。博物館の収集活動の場面・選択肢を他問と照合し、同文の重複はない。""}",[],,
p5-a-1-02,品詞,practice,"[""日々の練習"", ""分野別"", ""問題選択"", ""論点別"", ""復習""]","[""pos-adverb""]",The technician explained the maintenance schedule ------- to the newly hired assistants.,"[""clears"", ""clearly"", ""clear"", ""clarity""]",1,技術者は新しく雇われた助手たちに保守日程を明確に説明しました。,説明の仕方を表す語は動詞を修飾する副詞。,"[""動詞の三単現。述語が重複してしまう。"", ""副詞「明確に」。explainedを修飾する。"", ""形容詞「明確な」。説明した方法を修飾できない。"", ""名詞「明確さ」。目的語の後で方法を表せない。""]",False,explain a schedule to assistantsの語順と用法は自然。,目的語が既にあり説明の仕方を副詞で修飾する。,"{""answerIndex"": 1, ""answer"": ""clearly"", ""judgment"": ""4選択肢を下記のとおり検討し、この設問で最も適切な解答は1つ。文脈選択の他候補を一律に文法違反とは扱わない。"", ""basis"": ""目的語が既にあり説明の仕方を副詞で修飾する。""}",保守日程・新規採用の助手・過去の説明を保持。,"{""review"": ""evidence・takeaway・全4肢のreasonsを英文と照合。"", ""finding"": ""目的語が既にあり説明の仕方を副詞で修飾する。""}",基礎・技術者の業務説明。難度は編集上の目安で、公式校正済み難度ではない。,"{""exactStemDuplicates"": [], ""semanticReview"": ""副詞の修飾先の反復練習。技術者の業務説明の場面・選択肢を他問と照合し、同文の重複はない。""}",[],,
p5-a-1-03,品詞,practice,"[""日々の練習"", ""分野別"", ""問題選択"", ""論点別"", ""復習""]","[""pos-adjective""]",The foldable display stands are ------- enough to fit inside a standard delivery van.,"[""compactness"", ""compacts"", ""compact"", ""compactly""]",2,折り畳み式の展示台は標準的な配送バンに収まるほど小型です。,形容詞＋enough＋to doで「〜するのに十分…」。,"[""名詞「小ささ」。このenoughの前には形容詞が必要。"", ""動詞の三単現。areの補語にはならない。"", ""形容詞「小型の」。areの補語になる。"", ""副詞「小さく」。主語の状態を表す補語に合わない。""]",False,compact enough to fitは収納サイズの表現として自然。,areの補語は形容詞、enoughはその後置修飾。,"{""answerIndex"": 2, ""answer"": ""compact"", ""judgment"": ""4選択肢を下記のとおり検討し、この設問で最も適切な解答は1つ。文脈選択の他候補を一律に文法違反とは扱わない。"", ""basis"": ""areの補語は形容詞、enoughはその後置修飾。""}",折り畳み式・配送バン・収容可能な小ささを保持。,"{""review"": ""evidence・takeaway・全4肢のreasonsを英文と照合。"", ""finding"": ""areの補語は形容詞、enoughはその後置修飾。""}",基礎・展示用品の運搬。難度は編集上の目安で、公式校正済み難度ではない。,"{""exactStemDuplicates"": [], ""semanticReview"": ""形容詞の位置の反復練習。展示用品の運搬の場面・選択肢を他問と照合し、同文の重複はない。""}",[],,
p5-a-1-04,品詞,practice,"[""日々の練習"", ""分野別"", ""問題選択"", ""論点別"", ""復習""]","[""pos-noun""]",A ------- of the seating plan will be posted beside the auditorium entrance tomorrow.,"[""revisable"", ""revised"", ""revises"", ""revision""]",3,座席表の改訂版が明日、講堂の入口脇に掲示されます。,冠詞＋名詞＋ofで「〜の改訂版」という名詞句を作る。,"[""形容詞「改訂可能な」。Aの後で主語の中心となる名詞が不足する。"", ""過去分詞。単独で改訂版という名詞にはならない。"", ""動詞の三単現。冠詞に続けられない。"", ""名詞「改訂版」。主語の中心になる。""]",True,revisionを改訂版の可算名詞として使い掲示する文は自然。,A revision of...が単数主語。reviseにも改訂や校正刷りの名詞義が辞書に載るため、誤答を形容詞revisableに交換して品詞問題の一意性を強化。,"{""answerIndex"": 3, ""answer"": ""revision"", ""judgment"": ""4選択肢を下記のとおり検討し、この設問で最も適切な解答は1つ。文脈選択の他候補を一律に文法違反とは扱わない。"", ""basis"": ""A revision of...が単数主語。reviseにも改訂や校正刷りの名詞義が辞書に載るため、誤答を形容詞revisableに交換して品詞問題の一意性を強化。""}",明日・講堂入口脇・改訂版の掲示を保持。,"{""review"": ""evidence・takeaway・全4肢のreasonsを英文と照合。"", ""finding"": ""A revision of...が単数主語。reviseにも改訂や校正刷りの名詞義が辞書に載るため、誤答を形容詞revisableに交換して品詞問題の一意性を強化。""}",基礎・会場運営。難度は編集上の目安で、公式校正済み難度ではない。,"{""exactStemDuplicates"": [], ""semanticReview"": ""名詞の位置の反復練習。会場運営の場面・選択肢を他問と照合し、同文の重複はない。""}","[{""url"": ""https://www.merriam-webster.com/dictionary/revise"", ""finding"": ""reviseの名詞義として改訂行為と校正刷りが存在するため、動詞原形だから名詞位置に置けないという旧解説は不正確。誤答をrevisableに置換。""}]",,
p5-a-1-05,品詞,practice,"[""日々の練習"", ""分野別"", ""問題選択"", ""論点別"", ""復習""]","[""pos-adverb""]","The new ticket machine is ------- simple to operate, even for first-time visitors.","[""remarkably"", ""remarkable"", ""remark"", ""remarks""]",0,新しい券売機は初めて訪れる人でも驚くほど簡単に操作できます。,形容詞の程度を強める副詞を選ぶ。,"[""副詞「驚くほど」。simpleを修飾する。"", ""形容詞「注目すべき」。simpleの程度は修飾できない。"", ""名詞・動詞「発言・述べる」。この位置に合わない。"", ""複数名詞・三単現。simpleの修飾語にならない。""]",False,remarkably simple to operateは券売機の使いやすさに自然。,simpleの程度を副詞で示す。,"{""answerIndex"": 0, ""answer"": ""remarkably"", ""judgment"": ""4選択肢を下記のとおり検討し、この設問で最も適切な解答は1つ。文脈選択の他候補を一律に文法違反とは扱わない。"", ""basis"": ""simpleの程度を副詞で示す。""}",初訪問者にも驚くほど操作が簡単という評価を保持。,"{""review"": ""evidence・takeaway・全4肢のreasonsを英文と照合。"", ""finding"": ""simpleの程度を副詞で示す。""}",基礎・公共施設の設備。難度は編集上の目安で、公式校正済み難度ではない。,"{""exactStemDuplicates"": [], ""semanticReview"": ""副詞の修飾先の反復練習。公共施設の設備の場面・選択肢を他問と照合し、同文の重複はない。""}",[],,
p5-a-1-06,品詞,practice,"[""日々の練習"", ""分野別"", ""問題選択"", ""論点別"", ""復習""]","[""pos-adjective""]",Please include a ------- description of the fault when requesting equipment repairs.,"[""details"", ""detailed"", ""detail"", ""detailing""]",1,機器の修理依頼には不具合の詳しい説明を添えてください。,過去分詞由来の形容詞detailedは「詳しい」。,"[""複数名詞・三単現。冠詞とdescriptionの間に合わない。"", ""形容詞「詳しい」。descriptionの性質を表す。"", ""名詞「詳細」。この意味ではdetailed descriptionを使う。"", ""動詞のing形。「説明している説明」という能動の修飾は合わない。""]",False,detailed descriptionは修理依頼の定型的で自然な組合せ。,descriptionの性質を形容詞で説明。detailは名詞修飾が一般に可能でもここでは通常の詳しい説明の表現でない。,"{""answerIndex"": 1, ""answer"": ""detailed"", ""judgment"": ""4選択肢を下記のとおり検討し、この設問で最も適切な解答は1つ。文脈選択の他候補を一律に文法違反とは扱わない。"", ""basis"": ""descriptionの性質を形容詞で説明。detailは名詞修飾が一般に可能でもここでは通常の詳しい説明の表現でない。""}",不具合説明を修理依頼に添える意図を保持。,"{""review"": ""evidence・takeaway・全4肢のreasonsを英文と照合。"", ""finding"": ""descriptionの性質を形容詞で説明。detailは名詞修飾が一般に可能でもここでは通常の詳しい説明の表現でない。""}",基礎・機器修理。難度は編集上の目安で、公式校正済み難度ではない。,"{""exactStemDuplicates"": [], ""semanticReview"": ""p5-007とdetailed descriptionの同一連語を共有。修理依頼と設置マニュアルで別文だが反復教材として重なりが大きい。ID維持のため保持。""}",[],,
p5-a-1-07,品詞,practice,"[""日々の練習"", ""分野別"", ""問題選択"", ""論点別"", ""復習""]","[""pos-comparison""]",The updated booking form is ------- to complete than the version we used last year.,"[""easily"", ""easiest"", ""easier"", ""easy""]",2,更新された予約用紙は昨年使っていた版より記入しやすくなっています。,be動詞の補語に形容詞の比較級を置く。,"[""副詞。isの後で用紙の性質を説明できない。"", ""最上級。ここはthanを伴う比較級の構文。"", ""比較級「より簡単な」。thanと対応する。"", ""原級。thanに対応する比較級が必要。""]",False,form is easier to completeは予約用紙を評価する自然な表現。,形容詞比較級＋thanの形が一意。,"{""answerIndex"": 2, ""answer"": ""easier"", ""judgment"": ""4選択肢を下記のとおり検討し、この設問で最も適切な解答は1つ。文脈選択の他候補を一律に文法違反とは扱わない。"", ""basis"": ""形容詞比較級＋thanの形が一意。""}",昨年版との記入しやすさの比較を保持。,"{""review"": ""evidence・takeaway・全4肢のreasonsを英文と照合。"", ""finding"": ""形容詞比較級＋thanの形が一意。""}",基礎・予約手続き。難度は編集上の目安で、公式校正済み難度ではない。,"{""exactStemDuplicates"": [], ""semanticReview"": ""比較の形の反復練習。予約手続きの場面・選択肢を他問と照合し、同文の重複はない。""}",[],,
p5-a-1-08,品詞,practice,"[""日々の練習"", ""分野別"", ""問題選択"", ""論点別"", ""復習""]","[""pos-adverb""]","The repairs will cost ------- five hundred dollars, depending on which parts need replacing.","[""approximate"", ""approximation"", ""approximates"", ""approximately""]",3,交換が必要な部品によりますが、修理には約500ドルかかります。,数値のおおよその程度は副詞で表す。,"[""形容詞・動詞。数値に直接この形では続かない。"", ""名詞「概算」。この位置で金額を修飾しない。"", ""動詞の三単現。will costと述語が重複する。"", ""副詞「およそ」。金額全体を修飾する。""]",False,cost approximately five hundred dollarsは概算費用に自然。,数詞句を副詞が修飾。need replacingも自然な受動的意味。,"{""answerIndex"": 3, ""answer"": ""approximately"", ""judgment"": ""4選択肢を下記のとおり検討し、この設問で最も適切な解答は1つ。文脈選択の他候補を一律に文法違反とは扱わない。"", ""basis"": ""数詞句を副詞が修飾。need replacingも自然な受動的意味。""}",交換部品次第という条件と約500ドルを保持。,"{""review"": ""evidence・takeaway・全4肢のreasonsを英文と照合。"", ""finding"": ""数詞句を副詞が修飾。need replacingも自然な受動的意味。""}",基礎・修理見積もり。難度は編集上の目安で、公式校正済み難度ではない。,"{""exactStemDuplicates"": [], ""semanticReview"": ""副詞の修飾先の反復練習。修理見積もりの場面・選択肢を他問と照合し、同文の重複はない。""}",[],,
p5-a-1-09,品詞,practice,"[""日々の練習"", ""分野別"", ""問題選択"", ""論点別"", ""復習""]","[""pos-noun""]",The station's information desk received several ------- about the revised weekend timetable.,"[""inquiries"", ""inquire"", ""inquiring"", ""inquired""]",0,駅の案内所には変更された週末時刻表について数件の問い合わせがありました。,severalには数えられる名詞の複数形を続ける。,"[""複数名詞「問い合わせ」。severalと一致する。"", ""動詞「問い合わせる」。severalの後には置けない。"", ""分詞。問い合わせという可算名詞ではない。"", ""過去形・過去分詞。名詞の中心語がない。""]",False,receive inquiries about a timetableは自然な業務連絡。,severalの後に可算複数名詞が必要。,"{""answerIndex"": 0, ""answer"": ""inquiries"", ""judgment"": ""4選択肢を下記のとおり検討し、この設問で最も適切な解答は1つ。文脈選択の他候補を一律に文法違反とは扱わない。"", ""basis"": ""severalの後に可算複数名詞が必要。""}",週末時刻表の変更への複数の問い合わせを保持。,"{""review"": ""evidence・takeaway・全4肢のreasonsを英文と照合。"", ""finding"": ""severalの後に可算複数名詞が必要。""}",基礎・交通案内。難度は編集上の目安で、公式校正済み難度ではない。,"{""exactStemDuplicates"": [], ""semanticReview"": ""名詞の位置の反復練習。交通案内の場面・選択肢を他問と照合し、同文の重複はない。""}",[],,
p5-a-1-10,品詞,practice,"[""日々の練習"", ""分野別"", ""問題選択"", ""論点別"", ""復習""]","[""pos-adjective""]",The restaurant is seeking an ------- chef to develop its new vegetarian menu.,"[""experientially"", ""experienced"", ""experience"", ""experiences""]",1,レストランは新しいベジタリアンメニューを開発する経験豊富な料理長を探しています。,経験を持つ人を説明する形容詞experiencedを選ぶ。,"[""副詞「経験的に」。名詞chefを直接修飾できない。"", ""形容詞「経験豊富な」。chefを修飾する。"", ""名詞「経験」。この意味でchefの修飾には使わない。"", ""複数名詞・三単現。anとchefの間に合わない。""]",False,seek an experienced chefは求人に自然。,chefの属性を形容詞で修飾する。,"{""answerIndex"": 1, ""answer"": ""experienced"", ""judgment"": ""4選択肢を下記のとおり検討し、この設問で最も適切な解答は1つ。文脈選択の他候補を一律に文法違反とは扱わない。"", ""basis"": ""chefの属性を形容詞で修飾する。""}",ベジタリアンメニュー開発と経験豊富な料理長を保持。,"{""review"": ""evidence・takeaway・全4肢のreasonsを英文と照合。"", ""finding"": ""chefの属性を形容詞で修飾する。""}",基礎・飲食店求人。難度は編集上の目安で、公式校正済み難度ではない。,"{""exactStemDuplicates"": [], ""semanticReview"": ""形容詞の位置の反復練習。飲食店求人の場面・選択肢を他問と照合し、同文の重複はない。""}",[],,
p5-a-1-11,品詞,practice,"[""日々の練習"", ""分野別"", ""問題選択"", ""論点別"", ""復習""]","[""pos-noun""]",The board's ------- to fund the archive was announced at yesterday's meeting.,"[""decisive"", ""decisively"", ""decision"", ""decide""]",2,資料保管所に資金を出すという理事会の決定が昨日の会議で発表されました。,「決定」という名詞にto fundで内容を付け加える。,"[""形容詞「決定的な」。主語の中心となる名詞がない。"", ""副詞「断固として」。主語にはならない。"", ""名詞「決定」。was announcedの主語になる。"", ""動詞の原形。所有格の後で名詞句を作れない。""]",False,decision to fund the archiveは助成決定として自然。,所有格＋名詞＋to不定詞が主語を形成。,"{""answerIndex"": 2, ""answer"": ""decision"", ""judgment"": ""4選択肢を下記のとおり検討し、この設問で最も適切な解答は1つ。文脈選択の他候補を一律に文法違反とは扱わない。"", ""basis"": ""所有格＋名詞＋to不定詞が主語を形成。""}",理事会・資料保管所への資金拠出・昨日の発表を保持。,"{""review"": ""evidence・takeaway・全4肢のreasonsを英文と照合。"", ""finding"": ""所有格＋名詞＋to不定詞が主語を形成。""}",基礎・組織の助成決定。難度は編集上の目安で、公式校正済み難度ではない。,"{""exactStemDuplicates"": [], ""semanticReview"": ""p5-005とdecisionの名詞判別が共通。資金拠出内容をto不定詞で続ける別構文。""}",[],,
p5-a-1-12,品詞,practice,"[""日々の練習"", ""分野別"", ""問題選択"", ""論点別"", ""復習""]","[""pos-adverb""]",Visitors should leave their coats ------- outside the laboratory to avoid bringing dust inside.,"[""directives"", ""direction"", ""directed"", ""directly""]",3,ほこりを持ち込まないよう、来訪者は実験室のすぐ外にコートを置いてください。,副詞は前置詞句を修飾して「すぐ外に」と表せる。,"[""複数名詞「指示」。場所の句を修飾できない。"", ""名詞「方向」。outsideの程度や位置を修飾しない。"", ""過去分詞。コートが指示されたという意味は合わない。"", ""副詞「すぐに・直接」。ここではoutsideを修飾する。""]",False,leave coats directly outsideは実験室への粉じん持込み防止として自然。,directlyが場所の前置詞句outsideを限定する。,"{""answerIndex"": 3, ""answer"": ""directly"", ""judgment"": ""4選択肢を下記のとおり検討し、この設問で最も適切な解答は1つ。文脈選択の他候補を一律に文法違反とは扱わない。"", ""basis"": ""directlyが場所の前置詞句outsideを限定する。""}",すぐ外に置くという空間関係を保持。,"{""review"": ""evidence・takeaway・全4肢のreasonsを英文と照合。"", ""finding"": ""directlyが場所の前置詞句outsideを限定する。""}",標準・施設衛生。難度は編集上の目安で、公式校正済み難度ではない。,"{""exactStemDuplicates"": [], ""semanticReview"": ""副詞の修飾先の反復練習。施設衛生の場面・選択肢を他問と照合し、同文の重複はない。""}",[],,
p5-a-1-13,品詞,practice,"[""日々の練習"", ""分野別"", ""問題選択"", ""論点別"", ""復習""]","[""pos-noun""]",The gallery thanked its volunteers for their ------- during the busy opening weekend.,"[""assistance"", ""to assist"", ""assisted"", ""assistive""]",0,画廊は開館直後の忙しい週末の支援についてボランティアに感謝しました。,所有格に続き、前置詞の目的語になる名詞が必要。,"[""名詞「支援」。for their assistanceの形。"", ""to不定詞。所有格theirの後ろに直接置けない。"", ""過去形・過去分詞。支援という名詞にはならない。"", ""形容詞「補助の」。修飾される名詞がない。""]",False,thank volunteers for their assistanceは自然。,forの目的語は所有格付き名詞句。,"{""answerIndex"": 0, ""answer"": ""assistance"", ""judgment"": ""4選択肢を下記のとおり検討し、この設問で最も適切な解答は1つ。文脈選択の他候補を一律に文法違反とは扱わない。"", ""basis"": ""forの目的語は所有格付き名詞句。""}",開館時の繁忙週末に対する支援への謝意を保持。,"{""review"": ""evidence・takeaway・全4肢のreasonsを英文と照合。"", ""finding"": ""forの目的語は所有格付き名詞句。""}",基礎・文化施設の協力者対応。難度は編集上の目安で、公式校正済み難度ではない。,"{""exactStemDuplicates"": [], ""semanticReview"": ""名詞の位置の反復練習。文化施設の協力者対応の場面・選択肢を他問と照合し、同文の重複はない。""}",[],,
p5-a-1-14,品詞,practice,"[""日々の練習"", ""分野別"", ""問題選択"", ""論点別"", ""復習""]","[""pos-adjective""]",The revised instructions make the registration process ------- for applicants who have never used the system.,"[""straighten"", ""straightforward"", ""straightforwardly"", ""straightforwardness""]",1,改訂された案内によって、初めて使う応募者にも登録手続きが分かりやすくなっています。,make＋目的語＋形容詞で目的語の状態の変化を表す。,"[""動詞「まっすぐにする」。手続き自体がその動作をする意味は合わない。"", ""形容詞「分かりやすい」。processの状態を示す。"", ""副詞。makeの目的語の状態を示す補語には合わない。"", ""名詞「分かりやすさ」。この構文でprocessの状態を表せない。""]",False,make the registration process straightforwardは自然なSVOC。,makeの後に原形を置ける構文はあるがstraightenでは手続きが動作主となり合わない。,"{""answerIndex"": 1, ""answer"": ""straightforward"", ""judgment"": ""4選択肢を下記のとおり検討し、この設問で最も適切な解答は1つ。文脈選択の他候補を一律に文法違反とは扱わない。"", ""basis"": ""makeの後に原形を置ける構文はあるがstraightenでは手続きが動作主となり合わない。""}",初めてシステムを利用する応募者にも手続きが明瞭になる意味を保持。,"{""review"": ""evidence・takeaway・全4肢のreasonsを英文と照合。"", ""finding"": ""makeの後に原形を置ける構文はあるがstraightenでは手続きが動作主となり合わない。""}",標準・登録案内。難度は編集上の目安で、公式校正済み難度ではない。,"{""exactStemDuplicates"": [], ""semanticReview"": ""形容詞の位置の反復練習。登録案内の場面・選択肢を他問と照合し、同文の重複はない。""}",[],,
p5-a-1-15,品詞,practice,"[""日々の練習"", ""分野別"", ""問題選択"", ""論点別"", ""復習""]","[""pos-adverb""]","Orders placed through the mobile site are processed -------, without any action by sales staff.","[""automation"", ""automate"", ""automatically"", ""automatic""]",2,モバイルサイトからの注文は、販売員が操作しなくても自動的に処理されます。,受動態の動作の方法も副詞で修飾する。,"[""名詞「自動化」。この位置で方法を表せない。"", ""動詞の原形。are processedに重ねて置けない。"", ""副詞「自動的に」。processedの方法を表す。"", ""形容詞「自動の」。動詞processedを修飾できない。""]",False,orders are processed automaticallyは自然な受注業務表現。,受動態を副詞が修飾し、without節が意味を補強。,"{""answerIndex"": 2, ""answer"": ""automatically"", ""judgment"": ""4選択肢を下記のとおり検討し、この設問で最も適切な解答は1つ。文脈選択の他候補を一律に文法違反とは扱わない。"", ""basis"": ""受動態を副詞が修飾し、without節が意味を補強。""}",モバイル注文・販売員の操作不要を保持。,"{""review"": ""evidence・takeaway・全4肢のreasonsを英文と照合。"", ""finding"": ""受動態を副詞が修飾し、without節が意味を補強。""}",基礎・注文処理。難度は編集上の目安で、公式校正済み難度ではない。,"{""exactStemDuplicates"": [], ""semanticReview"": ""副詞の修飾先の反復練習。注文処理の場面・選択肢を他問と照合し、同文の重複はない。""}",[],,
p5-a-1-16,品詞,practice,"[""日々の練習"", ""分野別"", ""問題選択"", ""論点別"", ""復習""]","[""pos-comparison""]","Of the four routes surveyed, the coastal road provides the ------- journey to the port.","[""shorter"", ""shortly"", ""shorten"", ""shortest""]",3,調査した4経路のうち、海岸道路が港までの最短の道のりとなります。,3つ以上の候補で最も短いものは最上級。,"[""比較級。4経路の中で最短という構文には合わない。"", ""副詞「まもなく」。journeyを直接修飾できない。"", ""動詞「短くする」。theの後でjourneyを修飾できない。"", ""最上級「最も短い」。4経路の中での比較。""]",False,provide the shortest journeyは移動経路の比較として自然。,4経路全体から最短を選ぶthe＋最上級。,"{""answerIndex"": 3, ""answer"": ""shortest"", ""judgment"": ""4選択肢を下記のとおり検討し、この設問で最も適切な解答は1つ。文脈選択の他候補を一律に文法違反とは扱わない。"", ""basis"": ""4経路全体から最短を選ぶthe＋最上級。""}",4経路・海岸道路・港までの最短距離を保持。,"{""review"": ""evidence・takeaway・全4肢のreasonsを英文と照合。"", ""finding"": ""4経路全体から最短を選ぶthe＋最上級。""}",基礎・輸送経路。難度は編集上の目安で、公式校正済み難度ではない。,"{""exactStemDuplicates"": [], ""semanticReview"": ""p5-a-1-07/24と比較論点を共有するが4経路の最上級を評価。""}",[],,
p5-a-1-17,品詞,practice,"[""日々の練習"", ""分野別"", ""問題選択"", ""論点別"", ""復習""]","[""pos-noun""]",The ------- of the underground parking area will begin after the holiday season ends.,"[""expansion"", ""expand"", ""expansive"", ""expansively""]",0,地下駐車場の拡張は休暇シーズン終了後に始まります。,拡張という出来事を表す名詞を選ぶ。,"[""名詞「拡張」。will beginの主語になる。"", ""動詞の原形。Theの後に置けない。"", ""形容詞「広大な」。主語になる名詞が不足する。"", ""副詞「広々と」。主語の中心にならない。""]",False,expansion of the parking area will beginは自然。,The ... ofの主語中心語に名詞が必要。,"{""answerIndex"": 0, ""answer"": ""expansion"", ""judgment"": ""4選択肢を下記のとおり検討し、この設問で最も適切な解答は1つ。文脈選択の他候補を一律に文法違反とは扱わない。"", ""basis"": ""The ... ofの主語中心語に名詞が必要。""}",地下駐車場・休暇終了後の着工を保持。,"{""review"": ""evidence・takeaway・全4肢のreasonsを英文と照合。"", ""finding"": ""The ... ofの主語中心語に名詞が必要。""}",基礎・施設拡張。難度は編集上の目安で、公式校正済み難度ではない。,"{""exactStemDuplicates"": [], ""semanticReview"": ""名詞の位置の反復練習。施設拡張の場面・選択肢を他問と照合し、同文の重複はない。""}",[],,
p5-a-1-18,品詞,practice,"[""日々の練習"", ""分野別"", ""問題選択"", ""論点別"", ""復習""]","[""pos-adverb""]","The last session ended ------- early, allowing participants to catch the afternoon ferry.","[""expects"", ""unexpectedly"", ""unexpected"", ""expectation""]",1,最終セッションは予想外に早く終わり、参加者は午後のフェリーに間に合いました。,副詞earlyの程度・様子をさらに副詞で説明する。,"[""動詞の三単現。endedと述語が重複する。"", ""副詞「予想外に」。earlyを修飾する。"", ""形容詞「予想外の」。副詞earlyを修飾できない。"", ""名詞「予想」。この位置には合わない。""]",False,ended unexpectedly earlyは予定外の早期終了として自然。,earlyはendedを修飾し、そのearlyをunexpectedlyが修飾。,"{""answerIndex"": 1, ""answer"": ""unexpectedly"", ""judgment"": ""4選択肢を下記のとおり検討し、この設問で最も適切な解答は1つ。文脈選択の他候補を一律に文法違反とは扱わない。"", ""basis"": ""earlyはendedを修飾し、そのearlyをunexpectedlyが修飾。""}",予想外の早期終了と午後の船に間に合う結果を保持。,"{""review"": ""evidence・takeaway・全4肢のreasonsを英文と照合。"", ""finding"": ""earlyはendedを修飾し、そのearlyをunexpectedlyが修飾。""}",標準・会議と交通。難度は編集上の目安で、公式校正済み難度ではない。,"{""exactStemDuplicates"": [], ""semanticReview"": ""副詞の修飾先の反復練習。会議と交通の場面・選択肢を他問と照合し、同文の重複はない。""}",[],,
p5-a-1-19,品詞,assessment,"[""チャレンジ02"", ""回答後の復習""]","[""pos-noun""]",Your ------- of the draft budget is required before the committee can release the funds.,"[""approvingly"", ""approves"", ""approval"", ""approve""]",2,委員会が資金を出す前に、予算案に対するあなたの承認が必要です。,所有格＋名詞＋ofで承認の対象を説明する。,"[""副詞「賛成して」。主語の中心にならない。"", ""動詞の三単現。所有格の後ろに置けない。"", ""名詞「承認」。is requiredの主語になる。"", ""動詞の原形。Yourの後ろで主語を作れない。""]",False,approval of the draft budget is requiredは自然。,Yourとofに囲まれた単数主語名詞。,"{""answerIndex"": 2, ""answer"": ""approval"", ""judgment"": ""4選択肢を下記のとおり検討し、この設問で最も適切な解答は1つ。文脈選択の他候補を一律に文法違反とは扱わない。"", ""basis"": ""Yourとofに囲まれた単数主語名詞。""}",予算案への承認が資金支出の前提である意味を保持。,"{""review"": ""evidence・takeaway・全4肢のreasonsを英文と照合。"", ""finding"": ""Yourとofに囲まれた単数主語名詞。""}",基礎・予算承認。難度は編集上の目安で、公式校正済み難度ではない。,"{""exactStemDuplicates"": [], ""semanticReview"": ""名詞の位置の反復練習。予算承認の場面・選択肢を他問と照合し、同文の重複はない。""}",[],,
p5-a-1-20,品詞,assessment,"[""チャレンジ02"", ""回答後の復習""]","[""pos-adverb"", ""pos-comparison""]",The revised estimates are ------- lower than the figures presented at the planning meeting.,"[""substantial"", ""substance"", ""substantiate"", ""substantially""]",3,改訂後の見積もりは計画会議で示された数値より大幅に低くなっています。,差の程度を表す副詞で比較級を修飾する。,"[""形容詞「相当な」。比較級を修飾できない。"", ""名詞「物質・実質」。lowerの修飾語にはならない。"", ""動詞「立証する」。areの後でこの形は使えない。"", ""副詞「大幅に」。lowerの程度を表す。""]",False,substantially lower thanは見積差の自然な表現。,比較級の差の大きさを副詞で修飾。,"{""answerIndex"": 3, ""answer"": ""substantially"", ""judgment"": ""4選択肢を下記のとおり検討し、この設問で最も適切な解答は1つ。文脈選択の他候補を一律に文法違反とは扱わない。"", ""basis"": ""比較級の差の大きさを副詞で修飾。""}",計画会議の数値より大幅に低いという比較を保持。,"{""review"": ""evidence・takeaway・全4肢のreasonsを英文と照合。"", ""finding"": ""比較級の差の大きさを副詞で修飾。""}",基礎・見積もり更新。難度は編集上の目安で、公式校正済み難度ではない。,"{""exactStemDuplicates"": [], ""semanticReview"": ""副詞の修飾先の反復練習。見積もり更新の場面・選択肢を他問と照合し、同文の重複はない。""}",[],,
p5-a-1-21,品詞,assessment,"[""チャレンジ02"", ""回答後の復習""]","[""pos-adjective""]","The ceramics workshop is ------- to anyone aged sixteen or over, regardless of experience.","[""accessible"", ""accessibly"", ""accessibility"", ""accesses""]",0,陶芸講習会は経験を問わず16歳以上なら誰でも利用できます。,be accessible toで「〜が利用できる」。,"[""形容詞「利用できる」。isの補語になる。"", ""副詞。講習会の状態を表す補語に合わない。"", ""名詞「利用のしやすさ」。ここは形容詞が必要。"", ""動詞の三単現。isと重ねて置けない。""]",False,workshop is accessible to anyoneは参加可能性の意味で許容。,be accessible toの形容詞補語が必要。,"{""answerIndex"": 0, ""answer"": ""accessible"", ""judgment"": ""4選択肢を下記のとおり検討し、この設問で最も適切な解答は1つ。文脈選択の他候補を一律に文法違反とは扱わない。"", ""basis"": ""be accessible toの形容詞補語が必要。""}",16歳以上・経験不問という参加条件を保持。,"{""review"": ""evidence・takeaway・全4肢のreasonsを英文と照合。"", ""finding"": ""be accessible toの形容詞補語が必要。""}",基礎・講習会募集。難度は編集上の目安で、公式校正済み難度ではない。,"{""exactStemDuplicates"": [], ""semanticReview"": ""形容詞の位置の反復練習。講習会募集の場面・選択肢を他問と照合し、同文の重複はない。""}",[],,
p5-a-1-22,品詞,assessment,"[""チャレンジ02"", ""回答後の復習""]","[""pos-noun""]",The ------- of new lighting throughout the terminal is scheduled for the first week of June.,"[""installable"", ""installation"", ""installs"", ""installed""]",1,ターミナル全体への新しい照明の設置は6月第1週の予定です。,作業名を表す名詞installationを選ぶ。,"[""形容詞「設置できる」。主語の名詞が不足する。"", ""名詞「設置」。is scheduledの主語になる。"", ""動詞の三人称単数形なら主語にならず、installの複数名詞と読んでも単数動詞isと一致しない。"", ""過去分詞。設置という作業名にはならない。""]",True,installation of lighting is scheduled forは自然。,The installationが単数主語。installには名詞義もあるため動詞しかないとした初回説明を改め、選択肢をinstallsへ変更。複数名詞と解しても単数isと一致しない。,"{""answerIndex"": 1, ""answer"": ""installation"", ""judgment"": ""4選択肢を下記のとおり検討し、この設問で最も適切な解答は1つ。文脈選択の他候補を一律に文法違反とは扱わない。"", ""basis"": ""The installationが単数主語。installには名詞義もあるため動詞しかないとした初回説明を改め、選択肢をinstallsへ変更。複数名詞と解しても単数isと一致しない。""}",ターミナル全体・新照明・6月第1週を保持。,"{""review"": ""evidence・takeaway・全4肢のreasonsを英文と照合。"", ""finding"": ""The installationが単数主語。installには名詞義もあるため動詞しかないとした初回説明を改め、選択肢をinstallsへ変更。複数名詞と解しても単数isと一致しない。""}",基礎・設備工事。難度は編集上の目安で、公式校正済み難度ではない。,"{""exactStemDuplicates"": [], ""semanticReview"": ""名詞の位置の反復練習。設備工事の場面・選択肢を他問と照合し、同文の重複はない。""}","[{""url"": ""https://www.oxfordlearnersdictionaries.com/definition/english/install_2"", ""finding"": ""Oxfordはinstallにコンピューターへのプログラム導入という名詞義を掲載。今回の照明設置への適用とは別に、動詞原形のみと断定する解説は避け、複数形installsとisの不一致を根拠とした。""}]",,"{""status"": ""addressed"", ""findingAndResolution"": ""独立QAでinstallの名詞義を指摘。親がinstall→installsに変更し理由を単複一致まで説明。初回監査の品詞断定を訂正。"", ""choicesBeforeIndependentQA"": [""installable"", ""installation"", ""install"", ""installed""], ""choicesAfterIndependentQA"": [""installable"", ""installation"", ""installs"", ""installed""], ""sourceEditedBy"": ""parent"", ""auditSynchronized"": ""2026-10-02""}"
p5-a-1-23,品詞,assessment,"[""チャレンジ02"", ""回答後の復習""]","[""pos-adverb""]",The tour coordinator ------- checks the tide forecast before confirming departure times for boat trips.,"[""regularity"", ""regularize"", ""regularly"", ""regular""]",2,ツアー担当者は船旅の出発時刻を確定する前に、定期的に潮の予報を確認します。,行為の頻度を副詞で説明する。,"[""名詞「規則性」。主語と述語の間で頻度を示せない。"", ""動詞「規則化する」。checksと述語が重複する。"", ""副詞「定期的に」。checksを修飾する。"", ""形容詞「定期的な」。checksを修飾できない。""]",False,regularly checks the tide forecastは船旅手配に自然。,主語と述語の間に頻度副詞を挿入。,"{""answerIndex"": 2, ""answer"": ""regularly"", ""judgment"": ""4選択肢を下記のとおり検討し、この設問で最も適切な解答は1つ。文脈選択の他候補を一律に文法違反とは扱わない。"", ""basis"": ""主語と述語の間に頻度副詞を挿入。""}",時刻確定前の定期的な潮予報確認を保持。,"{""review"": ""evidence・takeaway・全4肢のreasonsを英文と照合。"", ""finding"": ""主語と述語の間に頻度副詞を挿入。""}",基礎・観光船手配。難度は編集上の目安で、公式校正済み難度ではない。,"{""exactStemDuplicates"": [], ""semanticReview"": ""副詞の修飾先の反復練習。観光船手配の場面・選択肢を他問と照合し、同文の重複はない。""}",[],,
p5-a-1-24,品詞,assessment,"[""チャレンジ02"", ""回答後の復習""]","[""pos-comparison""]",The smaller studio proved ------- suitable for recording interviews than the main conference room.,"[""most"", ""many"", ""much"", ""more""]",3,小さい方のスタジオはメインの会議室よりインタビューの録音に適していることが分かりました。,more＋形容詞＋thanで比較級を作る。,"[""最上級を作るmostはthanと対応しない。"", ""manyは可算名詞の複数を修飾する。"", ""much suitableとはせず、much more suitableなら可能。"", ""more suitableで「より適した」となる。""]",True,proved more suitable for recordingは比較評価として自然。,more＋suitable＋than、provedは補語を取る。,"{""answerIndex"": 3, ""answer"": ""more"", ""judgment"": ""4選択肢を下記のとおり検討し、この設問で最も適切な解答は1つ。文脈選択の他候補を一律に文法違反とは扱わない。"", ""basis"": ""more＋suitable＋than、provedは補語を取る。""}",mainは大きさでなく主要な会議室なので和訳をメインの会議室に修正。,"{""review"": ""evidence・takeaway・全4肢のreasonsを英文と照合。"", ""finding"": ""more＋suitable＋than、provedは補語を取る。""}",標準・録音場所選定。難度は編集上の目安で、公式校正済み難度ではない。,"{""exactStemDuplicates"": [], ""semanticReview"": ""比較の形の反復練習。録音場所選定の場面・選択肢を他問と照合し、同文の重複はない。""}",[],,
p5-a-1-25,品詞,assessment,"[""チャレンジ02"", ""回答後の復習""]","[""pos-adjective""]",The new storage boxes are both ------- and easy to stack on narrow shelves.,"[""durable"", ""durably"", ""durability"", ""endure""]",0,新しい収納箱は丈夫で、狭い棚にも簡単に積み重ねられます。,同じ役割の形容詞を並べ、箱の性質を説明する。,"[""形容詞「丈夫な」。easyと並列になる。"", ""副詞「丈夫に」。形容詞easyと役割が異なる。"", ""名詞「耐久性」。この並列の補語には合わない。"", ""動詞「耐える」。areの補語にはならない。""]",False,durable and easy to stackは収納箱の自然な品質評価。,both ... andで2つの形容詞補語が並列。,"{""answerIndex"": 0, ""answer"": ""durable"", ""judgment"": ""4選択肢を下記のとおり検討し、この設問で最も適切な解答は1つ。文脈選択の他候補を一律に文法違反とは扱わない。"", ""basis"": ""both ... andで2つの形容詞補語が並列。""}",丈夫さと狭い棚での積重ねやすさを保持。,"{""review"": ""evidence・takeaway・全4肢のreasonsを英文と照合。"", ""finding"": ""both ... andで2つの形容詞補語が並列。""}",基礎・収納用品。難度は編集上の目安で、公式校正済み難度ではない。,"{""exactStemDuplicates"": [], ""semanticReview"": ""形容詞の位置の反復練習。収納用品の場面・選択肢を他問と照合し、同文の重複はない。""}",[],,
p5-a-1-26,品詞,assessment,"[""チャレンジ02"", ""回答後の復習""]","[""pos-noun""]",The director expressed ------- with the acoustics after attending a rehearsal in the renovated hall.,"[""satisfactorily"", ""satisfaction"", ""satisfy"", ""satisfactory""]",1,改装されたホールでのリハーサルに出席した後、監督は音響に満足を示しました。,感情を表す名詞satisfactionにwithで対象を続ける。,"[""副詞「満足に」。表明する感情の目的語にならない。"", ""名詞「満足」。express satisfaction withの形。"", ""動詞の原形。expressedの目的語にならない。"", ""形容詞「満足のいく」。目的語の名詞がない。""]",False,express satisfaction with acousticsは自然。,expressの目的語に感情名詞、withが評価対象を導く。,"{""answerIndex"": 1, ""answer"": ""satisfaction"", ""judgment"": ""4選択肢を下記のとおり検討し、この設問で最も適切な解答は1つ。文脈選択の他候補を一律に文法違反とは扱わない。"", ""basis"": ""expressの目的語に感情名詞、withが評価対象を導く。""}",改装ホールのリハーサル後の音響評価を保持。,"{""review"": ""evidence・takeaway・全4肢のreasonsを英文と照合。"", ""finding"": ""expressの目的語に感情名詞、withが評価対象を導く。""}",基礎・会場評価。難度は編集上の目安で、公式校正済み難度ではない。,"{""exactStemDuplicates"": [], ""semanticReview"": ""名詞の位置の反復練習。会場評価の場面・選択肢を他問と照合し、同文の重複はない。""}",[],,
p5-a-1-27,品詞,assessment,"[""チャレンジ02"", ""回答後の復習""]","[""pos-adverb""]",The design team worked ------- with local craftspeople to produce the commemorative medals.,"[""closeness"", ""closes"", ""closely"", ""closed""]",2,デザインチームは地元の職人と緊密に協力して記念メダルを製作しました。,人と緊密に協力する意味ではwork closely withを使う。,"[""名詞「近さ」。workedを修飾できない。"", ""動詞の三単現。workedと述語が重複する。"", ""副詞「緊密に」。協力の程度を表す。"", ""closedは形容詞・過去分詞「閉じた」。workedの協力の仕方を修飾できない。""]",True,work closely withは辞書にもある協働の表現。,closeにも副詞用法があるため誤答をclosedに変更し、品詞対照を明確化。,"{""answerIndex"": 2, ""answer"": ""closely"", ""judgment"": ""4選択肢を下記のとおり検討し、この設問で最も適切な解答は1つ。文脈選択の他候補を一律に文法違反とは扱わない。"", ""basis"": ""closeにも副詞用法があるため誤答をclosedに変更し、品詞対照を明確化。""}",職人との緊密な協力と記念メダル製作を保持。,"{""review"": ""evidence・takeaway・全4肢のreasonsを英文と照合。"", ""finding"": ""closeにも副詞用法があるため誤答をclosedに変更し、品詞対照を明確化。""}",標準・共同制作。難度は編集上の目安で、公式校正済み難度ではない。,"{""exactStemDuplicates"": [], ""semanticReview"": ""副詞の修飾先の反復練習。共同制作の場面・選択肢を他問と照合し、同文の重複はない。""}","[{""url"": ""https://dictionary.cambridge.org/us/dictionary/english/closely"", ""finding"": ""辞書の関係性の語義とwork closely withの用例を確認。closeの別義に依存する紛らわしさはclosedへの置換で回避。""}]",,
p5-a-2-01,動詞,practice,"[""日々の練習"", ""分野別"", ""問題選択"", ""論点別"", ""復習""]","[""verb-tense"", ""verb-agreement""]",The number of bicycles rented from the station ------- steadily since the service began.,"[""have increased"", ""increasing"", ""increase"", ""has increased""]",3,サービス開始以来、駅で貸し出される自転車の数は着実に増えています。,単数主語に一致する現在完了has increasedを選ぶ。,"[""複数形のhaveはnumberに一致しない。"", ""分詞だけでは主節の述語にならない。"", ""原形・複数現在形はnumberと一致しない。"", ""単数のnumberにhasが一致し、現在までの増加を表す。""]",False,number ... has increased steadily sinceは自然な継続変化。,単数numberと現在完了、複数bicyclesに惑わされない。,"{""answerIndex"": 3, ""answer"": ""has increased"", ""judgment"": ""4選択肢を下記のとおり検討し、この設問で最も適切な解答は1つ。文脈選択の他候補を一律に文法違反とは扱わない。"", ""basis"": ""単数numberと現在完了、複数bicyclesに惑わされない。""}",サービス開始以来の貸出数の着実な増加を保持。,"{""review"": ""evidence・takeaway・全4肢のreasonsを英文と照合。"", ""finding"": ""単数numberと現在完了、複数bicyclesに惑わされない。""}",標準・交通利用実績。難度は編集上の目安で、公式校正済み難度ではない。,"{""exactStemDuplicates"": [], ""semanticReview"": ""p5-016と主語中心語の一致が共通。sinceと現在完了を追加して別技能要素を含む。""}",[],,
p5-a-2-02,動詞,practice,"[""日々の練習"", ""分野別"", ""問題選択"", ""論点別"", ""復習""]","[""verb-passive""]",All portable heaters must ------- from the meeting rooms before the summer exhibition opens.,"[""be removed"", ""remove"", ""removing"", ""be removing""]",0,夏の展示会が始まる前に、すべての携帯暖房器具を会議室から撤去する必要があります。,助動詞＋be＋過去分詞で受動態を作る。,"[""must be removedで「撤去されなければならない」。"", ""能動の原形。暖房器具自身が撤去する意味になる。"", ""mustの後ろに現在分詞だけは置けない。"", ""能動の進行形。暖房器具は撤去される対象なので合わない。""]",False,portable heaters must be removedは展示準備の指示として自然。,must＋be＋過去分詞。器具は撤去を受ける側。,"{""answerIndex"": 0, ""answer"": ""be removed"", ""judgment"": ""4選択肢を下記のとおり検討し、この設問で最も適切な解答は1つ。文脈選択の他候補を一律に文法違反とは扱わない。"", ""basis"": ""must＋be＋過去分詞。器具は撤去を受ける側。""}",展示会前に会議室からすべて撤去する義務を保持。,"{""review"": ""evidence・takeaway・全4肢のreasonsを英文と照合。"", ""finding"": ""must＋be＋過去分詞。器具は撤去を受ける側。""}",基礎・展示会準備。難度は編集上の目安で、公式校正済み難度ではない。,"{""exactStemDuplicates"": [], ""semanticReview"": ""能動・受動の反復練習。展示会準備の場面・選択肢を他問と照合し、同文の重複はない。""}",[],,
p5-a-2-03,動詞,practice,"[""日々の練習"", ""分野別"", ""問題選択"", ""論点別"", ""復習""]","[""verb-nonfinite""]",The agency postponed ------- the campaign until the client had approved the revised artwork.,"[""launches"", ""launching"", ""launch"", ""launched""]",1,代理店は顧客が改訂した図案を承認するまでキャンペーン開始を延期しました。,postponeの目的語に行為を置くときは動名詞を使う。,"[""三単現はpostponedの目的語にはならない。"", ""動名詞launchingが延期する行為を表す。"", ""動詞の原形をそのまま目的語にはできない。"", ""過去形・過去分詞は行為の目的語にならない。""]",False,postponed launching until approvalは広告業務に自然。,postpone＋動名詞。launchには名詞義もあるが直後のthe campaignを目的語に取るには動名詞が必要。,"{""answerIndex"": 1, ""answer"": ""launching"", ""judgment"": ""4選択肢を下記のとおり検討し、この設問で最も適切な解答は1つ。文脈選択の他候補を一律に文法違反とは扱わない。"", ""basis"": ""postpone＋動名詞。launchには名詞義もあるが直後のthe campaignを目的語に取るには動名詞が必要。""}",図案承認まで広告開始を延期した関係を保持。,"{""review"": ""evidence・takeaway・全4肢のreasonsを英文と照合。"", ""finding"": ""postpone＋動名詞。launchには名詞義もあるが直後のthe campaignを目的語に取るには動名詞が必要。""}",標準・広告制作。難度は編集上の目安で、公式校正済み難度ではない。,"{""exactStemDuplicates"": [], ""semanticReview"": ""非定形動詞の反復練習。広告制作の場面・選択肢を他問と照合し、同文の重複はない。""}",[],,
p5-a-2-04,動詞,practice,"[""日々の練習"", ""分野別"", ""問題選択"", ""論点別"", ""復習""]","[""verb-nonfinite""]",The photographs ------- along the main corridor show the town before the railway was built.,"[""displays"", ""display"", ""displayed"", ""displaying""]",2,主廊下に展示された写真は、鉄道建設前の町の様子を示しています。,展示される側の写真を過去分詞で後ろから修飾する。,"[""三単現を置くとshowと述語が重複する。"", ""原形を置くとshowと述語が重複する。"", ""過去分詞「展示された」。photographsにかかる。"", ""現在分詞では写真が展示する側になってしまう。""]",False,photographs displayed along a corridor showは自然。,showが主節述語でdisplayedは受動の後置修飾。,"{""answerIndex"": 2, ""answer"": ""displayed"", ""judgment"": ""4選択肢を下記のとおり検討し、この設問で最も適切な解答は1つ。文脈選択の他候補を一律に文法違反とは扱わない。"", ""basis"": ""showが主節述語でdisplayedは受動の後置修飾。""}",廊下展示・鉄道建設以前の町の様子を保持。,"{""review"": ""evidence・takeaway・全4肢のreasonsを英文と照合。"", ""finding"": ""showが主節述語でdisplayedは受動の後置修飾。""}",標準・歴史展示。難度は編集上の目安で、公式校正済み難度ではない。,"{""exactStemDuplicates"": [], ""semanticReview"": ""非定形動詞の反復練習。歴史展示の場面・選択肢を他問と照合し、同文の重複はない。""}",[],,
p5-a-2-05,動詞,assessment,"[""チャレンジ02"", ""回答後の復習""]","[""verb-tense"", ""verb-agreement""]",Each of the cabins overlooking the lake ------- equipped with a small refrigerator.,"[""are"", ""have"", ""were"", ""is""]",3,湖を見渡せる客室には、それぞれ小さな冷蔵庫が備えられています。,Eachを主語とする文では単数形の動詞を使う。,"[""複数形areはEachに一致しない。"", ""have equippedは主語との一致も受動態の意味も合わない。"", ""複数形wereはEachに一致しない。"", ""単数形is。is equipped withで「〜を備えている」。""]",False,Each of the cabins is equipped withは自然。,Eachが主語の中心なので単数is、equipの受動形。,"{""answerIndex"": 3, ""answer"": ""is"", ""judgment"": ""4選択肢を下記のとおり検討し、この設問で最も適切な解答は1つ。文脈選択の他候補を一律に文法違反とは扱わない。"", ""basis"": ""Eachが主語の中心なので単数is、equipの受動形。""}",湖を見渡す客室すべての小型冷蔵庫を保持。,"{""review"": ""evidence・takeaway・全4肢のreasonsを英文と照合。"", ""finding"": ""Eachが主語の中心なので単数is、equipの受動形。""}",基礎・宿泊設備。難度は編集上の目安で、公式校正済み難度ではない。,"{""exactStemDuplicates"": [], ""semanticReview"": ""時制・一致の反復練習。宿泊設備の場面・選択肢を他問と照合し、同文の重複はない。""}",[],,
p5-a-2-06,動詞,assessment,"[""チャレンジ02"", ""回答後の復習""]","[""verb-nonfinite""]",The instructor reminded everyone ------- a printed copy of the map to the field session.,"[""to bring"", ""bringing"", ""brought"", ""brings""]",0,講師は野外実習に地図の印刷物を持参するよう全員に念を押しました。,remind＋人＋to doで「人に〜するよう念を押す」。,"[""to不定詞が念を押した行動を示す。"", ""動名詞はremind someone to doの形を作れない。"", ""過去形・過去分詞はこの構文に続かない。"", ""三単現をそのままeveryoneの後ろには置けない。""]",False,reminded everyone to bringは自然な持参指示。,remind＋人＋to不定詞の補語。,"{""answerIndex"": 0, ""answer"": ""to bring"", ""judgment"": ""4選択肢を下記のとおり検討し、この設問で最も適切な解答は1つ。文脈選択の他候補を一律に文法違反とは扱わない。"", ""basis"": ""remind＋人＋to不定詞の補語。""}",野外実習への印刷地図持参を全員に念押しする意味を保持。,"{""review"": ""evidence・takeaway・全4肢のreasonsを英文と照合。"", ""finding"": ""remind＋人＋to不定詞の補語。""}",基礎・研修持ち物。難度は編集上の目安で、公式校正済み難度ではない。,"{""exactStemDuplicates"": [], ""semanticReview"": ""非定形動詞の反復練習。研修持ち物の場面・選択肢を他問と照合し、同文の重複はない。""}",[],,
p5-a-3-01,接続・関係詞,practice,"[""日々の練習"", ""分野別"", ""問題選択"", ""論点別"", ""復習""]","[""link-clause""]","------- the loading dock was being repainted, deliveries were directed to the side entrance.","[""Despite"", ""Along"", ""While"", ""During""]",2,搬入口の塗り直し中、配送は脇の入口へ誘導されました。,「〜している間」という時間の節を導く接続詞を選ぶ。,"[""Despiteは前置詞で、節を直接続けられない。"", ""Alongは前置詞で、時間の節を導かない。"", ""Whileは主語＋動詞の節を導き、同時進行を表す。"", ""Duringは前置詞で、節を直接続けられない。""]",False,repainting中の配送先変更は自然な施設案内。,後続が主語＋be動詞の節なのでwhileが接続。,"{""answerIndex"": 2, ""answer"": ""While"", ""judgment"": ""4選択肢を下記のとおり検討し、この設問で最も適切な解答は1つ。文脈選択の他候補を一律に文法違反とは扱わない。"", ""basis"": ""後続が主語＋be動詞の節なのでwhileが接続。""}",搬入口の塗装中という同時性を保持。,"{""review"": ""evidence・takeaway・全4肢のreasonsを英文と照合。"", ""finding"": ""後続が主語＋be動詞の節なのでwhileが接続。""}",基礎・配送運用。難度は編集上の目安で、公式校正済み難度ではない。,"{""exactStemDuplicates"": [], ""semanticReview"": ""節と名詞句の反復練習。配送運用の場面・選択肢を他問と照合し、同文の重複はない。""}",[],,
p5-a-3-02,接続・関係詞,practice,"[""日々の練習"", ""分野別"", ""問題選択"", ""論点別"", ""復習""]","[""link-relative""]",The archivist ------- cataloged the donated letters will speak at the public lecture next month.,"[""whose"", ""whom"", ""what"", ""who""]",3,寄贈された手紙を目録にした資料管理担当者が、来月の公開講演で話します。,人を先行詞に持つ主格の関係代名詞を選ぶ。,"[""whoseは所有格で、通常後ろに名詞が必要。"", ""whomは目的格で、ここでは主語になれない。"", ""whatは先行詞archivistに続ける関係詞ではない。"", ""whoがcatalogedの主語になる。""]",False,archivist who cataloged lettersは自然な人物紹介。,関係節のcatalogedの主語位置、人先行詞にwho。,"{""answerIndex"": 3, ""answer"": ""who"", ""judgment"": ""4選択肢を下記のとおり検討し、この設問で最も適切な解答は1つ。文脈選択の他候補を一律に文法違反とは扱わない。"", ""basis"": ""関係節のcatalogedの主語位置、人先行詞にwho。""}",寄贈手紙の目録作成者と翌月の講演を保持。,"{""review"": ""evidence・takeaway・全4肢のreasonsを英文と照合。"", ""finding"": ""関係節のcatalogedの主語位置、人先行詞にwho。""}",基礎・公開講演案内。難度は編集上の目安で、公式校正済み難度ではない。,"{""exactStemDuplicates"": [], ""semanticReview"": ""関係詞の反復練習。公開講演案内の場面・選択肢を他問と照合し、同文の重複はない。""}",[],,
p5-a-3-03,接続・関係詞,practice,"[""日々の練習"", ""分野別"", ""問題選択"", ""論点別"", ""復習""]","[""link-logic""]","------- the venue is small, its flexible seating arrangement can accommodate a variety of events.","[""Although"", ""Because of"", ""Despite"", ""In addition to""]",0,会場は小さいものの、柔軟な座席配置によってさまざまな催しに対応できます。,逆接を表し、節を導く接続詞Althoughが必要。,"[""Althoughは「〜だけれども」と節を導く。"", ""Because ofは前置詞句で、この節に直接続かない。"", ""Despiteは逆接だが前置詞なので節に直接続かない。"", ""In addition toは前置詞句で、節を導けない。""]",False,small venue / flexible arrangementの譲歩は自然。,Althoughのみ後続の完全節を直接導く。,"{""answerIndex"": 0, ""answer"": ""Although"", ""judgment"": ""4選択肢を下記のとおり検討し、この設問で最も適切な解答は1つ。文脈選択の他候補を一律に文法違反とは扱わない。"", ""basis"": ""Althoughのみ後続の完全節を直接導く。""}",小会場でも多様な催しに対応する対比を保持。,"{""review"": ""evidence・takeaway・全4肢のreasonsを英文と照合。"", ""finding"": ""Althoughのみ後続の完全節を直接導く。""}",基礎・会場の案内。難度は編集上の目安で、公式校正済み難度ではない。,"{""exactStemDuplicates"": [], ""semanticReview"": ""論理関係の反復練習。会場の案内の場面・選択肢を他問と照合し、同文の重複はない。""}",[],,
p5-a-3-04,接続・関係詞,practice,"[""日々の練習"", ""分野別"", ""問題選択"", ""論点別"", ""復習""]","[""link-correlative""]",The annual pass covers ------- entry to the gardens and admission to the evening concerts.,"[""whether"", ""both"", ""either"", ""neither""]",1,年間パスには庭園への入場と夜のコンサートへの入場の両方が含まれます。,both A and Bで「AとBの両方」。,"[""whetherはこの目的語の並列を作れない。"", ""bothは後ろのandと対応する。"", ""eitherなら通常orと組み合わせる。"", ""neitherなら通常norと組み合わせる。""]",False,pass covers both entry and admissionは自然。,coversの目的語となる名詞句をboth ... andで並列。,"{""answerIndex"": 1, ""answer"": ""both"", ""judgment"": ""4選択肢を下記のとおり検討し、この設問で最も適切な解答は1つ。文脈選択の他候補を一律に文法違反とは扱わない。"", ""basis"": ""coversの目的語となる名詞句をboth ... andで並列。""}",庭園と夜の公演の両入場が含まれる意味を保持。,"{""review"": ""evidence・takeaway・全4肢のreasonsを英文と照合。"", ""finding"": ""coversの目的語となる名詞句をboth ... andで並列。""}",基礎・年間パス。難度は編集上の目安で、公式校正済み難度ではない。,"{""exactStemDuplicates"": [], ""semanticReview"": ""相関表現の反復練習。年間パスの場面・選択肢を他問と照合し、同文の重複はない。""}",[],,
p5-a-3-05,接続・関係詞,practice,"[""日々の練習"", ""分野別"", ""問題選択"", ""論点別"", ""復習""]","[""link-relative""]",The supplier ------- samples impressed the panel has been invited to submit a full proposal.,"[""whom"", ""which"", ""whose"", ""who""]",2,サンプルが審査員に好印象を与えた供給業者は、正式な提案書の提出を求められました。,「その業者のサンプル」という関係を所有格whoseで結ぶ。,"[""whomは目的格で、samplesの所有関係を表さない。"", ""whichだけでは「業者のサンプル」を作れない。"", ""whose samplesで「その業者のサンプル」となる。"", ""whoを置くとsamplesの所有関係を作れない。""]",False,supplier whose samples impressed the panelは自然。,samplesの限定詞として所有関係を示すwhoseが必要。,"{""answerIndex"": 2, ""answer"": ""whose"", ""judgment"": ""4選択肢を下記のとおり検討し、この設問で最も適切な解答は1つ。文脈選択の他候補を一律に文法違反とは扱わない。"", ""basis"": ""samplesの限定詞として所有関係を示すwhoseが必要。""}",好印象を与えたサンプルの業者に正式提案を依頼する意味を保持。,"{""review"": ""evidence・takeaway・全4肢のreasonsを英文と照合。"", ""finding"": ""samplesの限定詞として所有関係を示すwhoseが必要。""}",標準・調達審査。難度は編集上の目安で、公式校正済み難度ではない。,"{""exactStemDuplicates"": [], ""semanticReview"": ""関係詞の反復練習。調達審査の場面・選択肢を他問と照合し、同文の重複はない。""}",[],,
p5-a-3-06,接続・関係詞,practice,"[""日々の練習"", ""分野別"", ""問題選択"", ""論点別"", ""復習""]","[""link-indirect""]",The welcome email explains ------- to collect your visitor badge when you arrive at the campus.,"[""which"", ""whose"", ""that"", ""where""]",3,歓迎メールにはキャンパス到着時に来訪者証を受け取る場所が説明されています。,where＋to doは「どこで〜するか」を表す。,"[""whichなら選ぶ対象が必要で、この受取場所を表せない。"", ""whoseは所有を問う語で、ここに続けられない。"", ""that to collectという疑問詞＋不定詞の形は作れない。"", ""where to collectで受け取り場所を示す。""]",False,explains where to collect a badgeは自然な来訪案内。,collectにはyour visitor badgeという目的語があり、空欄は場所。,"{""answerIndex"": 3, ""answer"": ""where"", ""judgment"": ""4選択肢を下記のとおり検討し、この設問で最も適切な解答は1つ。文脈選択の他候補を一律に文法違反とは扱わない。"", ""basis"": ""collectにはyour visitor badgeという目的語があり、空欄は場所。""}",到着時の来訪者証受取場所を保持。,"{""review"": ""evidence・takeaway・全4肢のreasonsを英文と照合。"", ""finding"": ""collectにはyour visitor badgeという目的語があり、空欄は場所。""}",標準・受付案内。難度は編集上の目安で、公式校正済み難度ではない。,"{""exactStemDuplicates"": [], ""semanticReview"": ""間接疑問の反復練習。受付案内の場面・選択肢を他問と照合し、同文の重複はない。""}",[],,
p5-a-3-07,接続・関係詞,practice,"[""日々の練習"", ""分野別"", ""問題選択"", ""論点別"", ""復習""]","[""link-logic""]",The shuttle will not depart ------- all passengers have fastened their seat belts.,"[""until"", ""despite"", ""during"", ""because of""]",0,乗客全員がシートベルトを締めるまで、シャトルは出発しません。,not ... untilで「〜するまで…しない」と表す。,"[""untilは節を導き、出発を待つ時点を示す。"", ""despiteは前置詞で、この節に直接続かない。"", ""duringは前置詞で、節を直接導かない。"", ""because ofは前置詞句で、節に直接続かない。""]",False,will not depart until all have fastenedは出発条件として自然。,not ... untilと完了した条件を表す現在完了。,"{""answerIndex"": 0, ""answer"": ""until"", ""judgment"": ""4選択肢を下記のとおり検討し、この設問で最も適切な解答は1つ。文脈選択の他候補を一律に文法違反とは扱わない。"", ""basis"": ""not ... untilと完了した条件を表す現在完了。""}",全員の装着完了まで出発しない意味を保持。,"{""review"": ""evidence・takeaway・全4肢のreasonsを英文と照合。"", ""finding"": ""not ... untilと完了した条件を表す現在完了。""}",基礎・交通安全案内。難度は編集上の目安で、公式校正済み難度ではない。,"{""exactStemDuplicates"": [], ""semanticReview"": ""論理関係の反復練習。交通安全案内の場面・選択肢を他問と照合し、同文の重複はない。""}",[],,
p5-a-3-08,接続・関係詞,practice,"[""日々の練習"", ""分野別"", ""問題選択"", ""論点別"", ""復習""]","[""link-clause""]","------- the storm, the delivery crew completed every scheduled stop before returning to the depot.","[""Whereas"", ""Despite"", ""Although"", ""Even though""]",1,嵐にもかかわらず、配送班は配送所に戻る前に予定の配達先をすべて回りました。,名詞句を伴う逆接には前置詞Despiteを選ぶ。,"[""Whereasは接続詞で、節を導く。"", ""Despite＋名詞で「〜にもかかわらず」。"", ""Althoughは接続詞で、この名詞句だけには続かない。"", ""Even thoughは接続詞で、主語＋動詞の節が必要。""]",False,Despite the stormは予定を遂行した譲歩に自然。,名詞句the stormを前置詞despiteで導く。接続詞の省略節とは異なる。,"{""answerIndex"": 1, ""answer"": ""Despite"", ""judgment"": ""4選択肢を下記のとおり検討し、この設問で最も適切な解答は1つ。文脈選択の他候補を一律に文法違反とは扱わない。"", ""basis"": ""名詞句the stormを前置詞despiteで導く。接続詞の省略節とは異なる。""}",嵐でも全配達先を回り車庫に戻る内容を保持。,"{""review"": ""evidence・takeaway・全4肢のreasonsを英文と照合。"", ""finding"": ""名詞句the stormを前置詞despiteで導く。接続詞の省略節とは異なる。""}",基礎・配送業務。難度は編集上の目安で、公式校正済み難度ではない。,"{""exactStemDuplicates"": [], ""semanticReview"": ""節と名詞句の反復練習。配送業務の場面・選択肢を他問と照合し、同文の重複はない。""}",[],,
p5-a-3-09,接続・関係詞,assessment,"[""チャレンジ02"", ""回答後の復習""]","[""link-logic""]","------- you reserve a desk in advance, we cannot guarantee a seat in the shared workspace.","[""During"", ""Without"", ""Unless"", ""Despite""]",2,事前に机を予約しない限り、共有作業スペースの席は保証できません。,Unless＋節で「〜しない限り」と条件を表す。,"[""Duringは前置詞で、条件の節を導けない。"", ""Withoutは前置詞で、you reserveの節に続かない。"", ""Unlessは予約しない場合の結果を導く。"", ""Despiteは前置詞で、この節に直接続かない。""]",False,Unless you reserve... cannot guaranteeは自然な利用条件。,unlessが否定条件の節を導く。,"{""answerIndex"": 2, ""answer"": ""Unless"", ""judgment"": ""4選択肢を下記のとおり検討し、この設問で最も適切な解答は1つ。文脈選択の他候補を一律に文法違反とは扱わない。"", ""basis"": ""unlessが否定条件の節を導く。""}",予約しない限り席が保証されない関係を保持。,"{""review"": ""evidence・takeaway・全4肢のreasonsを英文と照合。"", ""finding"": ""unlessが否定条件の節を導く。""}",基礎・共用スペース予約。難度は編集上の目安で、公式校正済み難度ではない。,"{""exactStemDuplicates"": [], ""semanticReview"": ""論理関係の反復練習。共用スペース予約の場面・選択肢を他問と照合し、同文の重複はない。""}",[],,
p5-a-3-10,接続・関係詞,assessment,"[""チャレンジ02"", ""回答後の復習""]","[""link-relative""]",The digital display ------- was installed beside the elevator shows the day's meeting schedule.,"[""who"", ""whose"", ""what"", ""which""]",3,エレベーター脇に設置された電子掲示板には、その日の会議予定が表示されます。,物を先行詞とする主格の関係代名詞whichを置く。,"[""whoは通常、人を先行詞とする。"", ""whoseは所有格で、後ろに名詞が必要。"", ""whatは先行詞displayを受ける関係詞ではない。"", ""whichがwas installedの主語になる。""]",False,display which was installed ... showsは自然。,物の先行詞を受け、関係節の主語が必要。,"{""answerIndex"": 3, ""answer"": ""which"", ""judgment"": ""4選択肢を下記のとおり検討し、この設問で最も適切な解答は1つ。文脈選択の他候補を一律に文法違反とは扱わない。"", ""basis"": ""物の先行詞を受け、関係節の主語が必要。""}",エレベーター脇の設置場所と当日会議予定を保持。,"{""review"": ""evidence・takeaway・全4肢のreasonsを英文と照合。"", ""finding"": ""物の先行詞を受け、関係節の主語が必要。""}",基礎・施設掲示。難度は編集上の目安で、公式校正済み難度ではない。,"{""exactStemDuplicates"": [], ""semanticReview"": ""関係詞の反復練習。施設掲示の場面・選択肢を他問と照合し、同文の重複はない。""}",[],,
p5-a-3-11,接続・関係詞,assessment,"[""チャレンジ02"", ""回答後の復習""]","[""link-correlative""]",The consultant will meet ------- the production manager or the finance director to discuss the proposal.,"[""either"", ""both"", ""neither"", ""whether""]",0,コンサルタントは提案を話し合うため、生産部長か財務部長のいずれかと会います。,either A or Bで2つの選択肢のいずれかを表す。,"[""eitherがorと対応する。"", ""bothならandと組み合わせる。"", ""neitherならnorと組み合わせる。"", ""whetherはmeetの直接目的語をこの形では並列しない。""]",False,meet either manager or directorは自然。,either ... orでmeetの人目的語を並列。,"{""answerIndex"": 0, ""answer"": ""either"", ""judgment"": ""4選択肢を下記のとおり検討し、この設問で最も適切な解答は1つ。文脈選択の他候補を一律に文法違反とは扱わない。"", ""basis"": ""either ... orでmeetの人目的語を並列。""}",提案協議で2人のうちどちらかに会う意味を保持。,"{""review"": ""evidence・takeaway・全4肢のreasonsを英文と照合。"", ""finding"": ""either ... orでmeetの人目的語を並列。""}",基礎・打合せ相手。難度は編集上の目安で、公式校正済み難度ではない。,"{""exactStemDuplicates"": [], ""semanticReview"": ""相関表現の反復練習。打合せ相手の場面・選択肢を他問と照合し、同文の重複はない。""}",[],,
p5-a-3-12,接続・関係詞,assessment,"[""チャレンジ02"", ""回答後の復習""]","[""link-indirect""]",Applicants may choose ------- they attend the orientation online or in person at the training center.,"[""whose"", ""whether"", ""despite"", ""during""]",1,応募者はオンラインか研修センターでの対面か、説明会への参加方法を選べます。,whether節で2つの選択肢を示し、chooseの目的語にする。,"[""whoseは所有を表し、この完全な節の前には合わない。"", ""whetherがorと対応して選択内容を導く。"", ""despiteは前置詞で、この節に続かない。"", ""duringは前置詞で、この節に続かない。""]",False,choose whether they attend online or in personは自然。,chooseの目的語に選択内容のwhether節。,"{""answerIndex"": 1, ""answer"": ""whether"", ""judgment"": ""4選択肢を下記のとおり検討し、この設問で最も適切な解答は1つ。文脈選択の他候補を一律に文法違反とは扱わない。"", ""basis"": ""chooseの目的語に選択内容のwhether節。""}",オンラインと研修センター対面の選択を保持。,"{""review"": ""evidence・takeaway・全4肢のreasonsを英文と照合。"", ""finding"": ""chooseの目的語に選択内容のwhether節。""}",標準・研修参加方式。難度は編集上の目安で、公式校正済み難度ではない。,"{""exactStemDuplicates"": [], ""semanticReview"": ""間接疑問の反復練習。研修参加方式の場面・選択肢を他問と照合し、同文の重複はない。""}",[],,
p5-a-4-01,代名詞・数量,practice,"[""日々の練習"", ""分野別"", ""問題選択"", ""論点別"", ""復習""]","[""pronoun-case""]",Please send ------- a copy of the revised itinerary before the tour begins on Monday.,"[""we"", ""us"", ""our"", ""ours""]",1,月曜日のツアー開始前に、改訂された旅程表の写しを私たちに送ってください。,動詞の目的語となる代名詞は目的格。,"[""weは主格で、sendの目的語になれない。"", ""usは目的格で送付の相手を表す。"", ""ourは所有格で、後ろに所有される名詞が必要。"", ""oursは「私たちのもの」。ここでは送付先の人を示せない。""]",False,send us a copyは自然な授受構文。,sendの間接目的語は人の目的格。,"{""answerIndex"": 1, ""answer"": ""us"", ""judgment"": ""4選択肢を下記のとおり検討し、この設問で最も適切な解答は1つ。文脈選択の他候補を一律に文法違反とは扱わない。"", ""basis"": ""sendの間接目的語は人の目的格。""}",月曜日のツアー前に改訂旅程の写しを送る意味を保持。,"{""review"": ""evidence・takeaway・全4肢のreasonsを英文と照合。"", ""finding"": ""sendの間接目的語は人の目的格。""}",基礎・旅行手配。難度は編集上の目安で、公式校正済み難度ではない。,"{""exactStemDuplicates"": [], ""semanticReview"": ""代名詞の格の反復練習。旅行手配の場面・選択肢を他問と照合し、同文の重複はない。""}",[],,
p5-a-4-02,代名詞・数量,practice,"[""日々の練習"", ""分野別"", ""問題選択"", ""論点別"", ""復習""]","[""quantifiers""]",The laboratory ordered ------- replacement filters because the current supply would last only two days.,"[""every"", ""another"", ""several"", ""much""]",2,現在の在庫が2日分しかないため、実験室は交換フィルターを数個注文しました。,可算名詞の複数に使う数量語severalを選ぶ。,"[""everyは単数の可算名詞に使う。"", ""anotherは数詞がないこの形では単数名詞に使う。"", ""several＋複数名詞で「いくつかの」。"", ""muchは不可算名詞の量を表す。""]",False,ordered several filtersは自然な在庫補充。,複数filtersにseveral、another＋数詞の例外とも区別。,"{""answerIndex"": 2, ""answer"": ""several"", ""judgment"": ""4選択肢を下記のとおり検討し、この設問で最も適切な解答は1つ。文脈選択の他候補を一律に文法違反とは扱わない。"", ""basis"": ""複数filtersにseveral、another＋数詞の例外とも区別。""}",在庫が2日分しかないので複数発注する因果を保持。,"{""review"": ""evidence・takeaway・全4肢のreasonsを英文と照合。"", ""finding"": ""複数filtersにseveral、another＋数詞の例外とも区別。""}",基礎・研究施設の備品。難度は編集上の目安で、公式校正済み難度ではない。,"{""exactStemDuplicates"": [], ""semanticReview"": ""数量表現の反復練習。研究施設の備品の場面・選択肢を他問と照合し、同文の重複はない。""}",[],,
p5-a-4-03,代名詞・数量,practice,"[""日々の練習"", ""分野別"", ""問題選択"", ""論点別"", ""復習""]","[""pronoun-reflexive""]",The owners designed the bakery's website ------- instead of hiring an outside developer.,"[""their"", ""them"", ""theirs"", ""themselves""]",3,経営者たちは外部の開発者を雇わず、自分たちでパン屋のウェブサイトを設計しました。,主語と同じ人が自ら行ったことを再帰代名詞で強調する。,"[""theirは所有格で、後ろの名詞が必要。"", ""themは目的格。ここでは目的語がすでにある。"", ""theirsは所有代名詞で、行動した人を強調しない。"", ""themselvesは複数のownersを強調する。""]",False,designed the website themselvesは外注しない対比に自然。,目的語websiteは既にあり主語ownersを再帰代名詞で強調。,"{""answerIndex"": 3, ""answer"": ""themselves"", ""judgment"": ""4選択肢を下記のとおり検討し、この設問で最も適切な解答は1つ。文脈選択の他候補を一律に文法違反とは扱わない。"", ""basis"": ""目的語websiteは既にあり主語ownersを再帰代名詞で強調。""}",経営者自身が設計し外部開発者を雇わない意味を保持。,"{""review"": ""evidence・takeaway・全4肢のreasonsを英文と照合。"", ""finding"": ""目的語websiteは既にあり主語ownersを再帰代名詞で強調。""}",基礎・小規模店舗の制作。難度は編集上の目安で、公式校正済み難度ではない。,"{""exactStemDuplicates"": [], ""semanticReview"": ""再帰代名詞の反復練習。小規模店舗の制作の場面・選択肢を他問と照合し、同文の重複はない。""}",[],,
p5-a-4-04,代名詞・数量,practice,"[""日々の練習"", ""分野別"", ""問題選択"", ""論点別"", ""復習""]","[""quantifiers""]",The venue's website provides so ------- information about accessibility that most visitors do not need to call for details.,"[""much"", ""many"", ""few"", ""several""]",0,会場のウェブサイトには利用のしやすさについて非常に多くの情報があり、ほとんどの来場者は詳細を電話で問い合わせる必要がありません。,so much＋不可算名詞＋that節で「非常に多くの〜があるので…」と表す。,"[""muchは不可算名詞informationに使える。"", ""manyは可算名詞の複数に使う。"", ""fewは可算名詞の複数に使う。"", ""severalは可算名詞の複数に使う。""]",True,裸のmuchの肯定文は書き言葉では可能だが、so much ... thatに改めて自然な程度結果表現にした。,不可算informationをso muchが限定する。many/few/severalはいずれも可算複数用。,"{""answerIndex"": 0, ""answer"": ""much"", ""judgment"": ""4選択肢を下記のとおり検討し、この設問で最も適切な解答は1つ。文脈選択の他候補を一律に文法違反とは扱わない。"", ""basis"": ""不可算informationをso muchが限定する。many/few/severalはいずれも可算複数用。""}",ウェブ情報が十分豊富で電話不要という新しい結果節に合わせ和訳を更新。,"{""review"": ""evidence・takeaway・全4肢のreasonsを英文と照合。"", ""finding"": ""不可算informationをso muchが限定する。many/few/severalはいずれも可算複数用。""}",標準・アクセシビリティ案内。難度は編集上の目安で、公式校正済み難度ではない。,"{""exactStemDuplicates"": [], ""semanticReview"": ""数量表現の反復練習。アクセシビリティ案内の場面・選択肢を他問と照合し、同文の重複はない。""}","[{""url"": ""https://dictionary.cambridge.org/us/grammar/british-grammar/much-many-a-lot-of-lots-of-quantifiers"", ""finding"": ""肯定文のmuchは改まった文体で可能。so muchによる大量の強調も説明されるため、元文を文法誤りとせず自然さを改善。""}]",,
p5-a-4-05,代名詞・数量,assessment,"[""チャレンジ02"", ""回答後の復習""]","[""pronoun-case""]",The apprentice returned the borrowed tools to ------- usual places after finishing the repair.,"[""them"", ""their"", ""they"", ""theirs""]",1,見習いは修理を終えた後、借りた道具をいつもの場所に戻しました。,道具の置き場所を表す所有格theirを選ぶ。,"[""themは目的格でplacesの所有関係を作れない。"", ""theirは所有格でusual placesを修飾する。"", ""theyは主格で名詞placesを修飾できない。"", ""theirsは単独で使う所有代名詞で名詞に直接続かない。""]",False,return tools to their usual placesは自然。,所有格theirがusual placesを修飾しtoolsを受ける。,"{""answerIndex"": 1, ""answer"": ""their"", ""judgment"": ""4選択肢を下記のとおり検討し、この設問で最も適切な解答は1つ。文脈選択の他候補を一律に文法違反とは扱わない。"", ""basis"": ""所有格theirがusual placesを修飾しtoolsを受ける。""}",借りた工具を修理後に通常の位置へ戻す意味を保持。,"{""review"": ""evidence・takeaway・全4肢のreasonsを英文と照合。"", ""finding"": ""所有格theirがusual placesを修飾しtoolsを受ける。""}",基礎・工具管理。難度は編集上の目安で、公式校正済み難度ではない。,"{""exactStemDuplicates"": [], ""semanticReview"": ""代名詞の格の反復練習。工具管理の場面・選択肢を他問と照合し、同文の重複はない。""}",[],,
p5-a-4-06,代名詞・数量,assessment,"[""チャレンジ02"", ""回答後の復習""]","[""quantifiers""]","Only a ------- seats remain for the afternoon workshop, so early registration is recommended.","[""much"", ""each"", ""few"", ""little""]",2,午後の講習会の残席はわずかなので、早めの登録をお勧めします。,a few＋複数名詞で少数の席を表す。,"[""a much seatsという組み合わせは作れない。"", ""eachは単数名詞に使い、aの後にも置けない。"", ""a few seatsで「少数の席」。"", ""a littleは不可算名詞に使う。""]",False,Only a few seats remainは募集残席の自然な表現。,a few＋可算複数、onlyは残数の少なさを強調。,"{""answerIndex"": 2, ""answer"": ""few"", ""judgment"": ""4選択肢を下記のとおり検討し、この設問で最も適切な解答は1つ。文脈選択の他候補を一律に文法違反とは扱わない。"", ""basis"": ""a few＋可算複数、onlyは残数の少なさを強調。""}",午後の講習の残席少数と早期登録推奨を保持。,"{""review"": ""evidence・takeaway・全4肢のreasonsを英文と照合。"", ""finding"": ""a few＋可算複数、onlyは残数の少なさを強調。""}",基礎・講習会募集。難度は編集上の目安で、公式校正済み難度ではない。,"{""exactStemDuplicates"": [], ""semanticReview"": ""数量表現の反復練習。講習会募集の場面・選択肢を他問と照合し、同文の重複はない。""}",[],,
p5-a-5-01,前置詞・語法,practice,"[""日々の練習"", ""分野別"", ""問題選択"", ""論点別"", ""復習""]","[""prep-choice""]","The outdoor market will remain open ------- sunset, giving visitors extra time to browse the stalls.","[""until"", ""by"", ""among"", ""onto""]",0,屋外市場は日没まで営業し、来場者はゆっくり店を見て回れます。,ある時点まで状態が続く場合はuntil。,"[""until sunsetで「日没までずっと」。"", ""byは完了の期限。「営業し続ける」の終点には合わない。"", ""amongは複数のものの間を表し、時点には使わない。"", ""ontoは表面への移動を表し、時間には使わない。""]",False,remain open until sunsetは営業継続の終点として自然。,byの完了期限とuntilの継続終点を区別。,"{""answerIndex"": 0, ""answer"": ""until"", ""judgment"": ""4選択肢を下記のとおり検討し、この設問で最も適切な解答は1つ。文脈選択の他候補を一律に文法違反とは扱わない。"", ""basis"": ""byの完了期限とuntilの継続終点を区別。""}",日没まで営業し店巡りの時間が増す意味を保持。,"{""review"": ""evidence・takeaway・全4肢のreasonsを英文と照合。"", ""finding"": ""byの完了期限とuntilの継続終点を区別。""}",基礎・市場営業時間。難度は編集上の目安で、公式校正済み難度ではない。,"{""exactStemDuplicates"": [], ""semanticReview"": ""前置詞の選択の反復練習。市場営業時間の場面・選択肢を他問と照合し、同文の重複はない。""}",[],,
p5-a-5-02,前置詞・語法,practice,"[""日々の練習"", ""分野別"", ""問題選択"", ""論点別"", ""復習""]","[""prep-collocation""]","The staff guide is divided ------- five sections, each covering a different aspect of daily operations.","[""toward"", ""into"", ""onto"", ""among""]",1,職員用ガイドは5章に分かれ、それぞれ日常業務の異なる側面を扱っています。,divide A into BでAをBに分割する。,"[""towardは方向を表し、分割の結果には使わない。"", ""intoは分割した結果の区分を導く。"", ""ontoは表面への移動で、分割の区分に合わない。"", ""amongは配分相手を表す場合に使い、章への分割には合わない。""]",False,guide is divided into sectionsは自然。,分割結果をintoで導き、配分相手のamongとは異なる。,"{""answerIndex"": 1, ""answer"": ""into"", ""judgment"": ""4選択肢を下記のとおり検討し、この設問で最も適切な解答は1つ。文脈選択の他候補を一律に文法違反とは扱わない。"", ""basis"": ""分割結果をintoで導き、配分相手のamongとは異なる。""}",5章がそれぞれ業務の別側面を扱う内容を保持。,"{""review"": ""evidence・takeaway・全4肢のreasonsを英文と照合。"", ""finding"": ""分割結果をintoで導き、配分相手のamongとは異なる。""}",基礎・職員マニュアル。難度は編集上の目安で、公式校正済み難度ではない。,"{""exactStemDuplicates"": [], ""semanticReview"": ""p5-074とdivide intoを反復。参加者の群分けではなくガイドの章構成。""}",[],,
p5-a-5-03,前置詞・語法,practice,"[""日々の練習"", ""分野別"", ""問題選択"", ""論点別"", ""復習""]","[""prep-choice""]",All applications must reach the festival office ------- noon on Friday to be considered for this year's program.,"[""during"", ""since"", ""by"", ""until""]",2,今年のプログラムで検討されるには、申請書はすべて金曜日の正午までに事務局に届く必要があります。,期限までの到着にはby＋時点を使う。,"[""duringは期間を伴い、noonという時点に合わない。"", ""sinceは起点を表し、この到着期限には合わない。"", ""by noonで正午を到着の締め切りとする。"", ""untilは継続の終点で、到着の期限には合わない。""]",False,applications must reach ... by noonは自然な必着期限。,到着の完了をby＋時点で要求。,"{""answerIndex"": 2, ""answer"": ""by"", ""judgment"": ""4選択肢を下記のとおり検討し、この設問で最も適切な解答は1つ。文脈選択の他候補を一律に文法違反とは扱わない。"", ""basis"": ""到着の完了をby＋時点で要求。""}",金曜正午必着と当年の検討対象という条件を保持。,"{""review"": ""evidence・takeaway・全4肢のreasonsを英文と照合。"", ""finding"": ""到着の完了をby＋時点で要求。""}",基礎・応募期限。難度は編集上の目安で、公式校正済み難度ではない。,"{""exactStemDuplicates"": [], ""semanticReview"": ""p5-061とbyによる期限を反復。申請必着と支払期日の別場面。""}",[],,
p5-a-5-04,前置詞・語法,practice,"[""日々の練習"", ""分野別"", ""問題選択"", ""論点別"", ""復習""]","[""prep-collocation""]",The warranty remains valid only if the device is used in accordance ------- the manufacturer's instructions.,"[""for"", ""from"", ""at"", ""with""]",3,機器をメーカーの指示に従って使用した場合にのみ、保証は有効です。,in accordance withで「〜に従って」。,"[""in accordance forという組み合わせにはしない。"", ""in accordance fromという組み合わせにはしない。"", ""in accordance atという組み合わせにはしない。"", ""withと組み合わせて指示への準拠を表す。""]",False,in accordance with instructionsは自然な保証条件。,固定した前置詞句in accordance with。,"{""answerIndex"": 3, ""answer"": ""with"", ""judgment"": ""4選択肢を下記のとおり検討し、この設問で最も適切な解答は1つ。文脈選択の他候補を一律に文法違反とは扱わない。"", ""basis"": ""固定した前置詞句in accordance with。""}",メーカー指示通り使用した場合のみ有効という条件を保持。,"{""review"": ""evidence・takeaway・全4肢のreasonsを英文と照合。"", ""finding"": ""固定した前置詞句in accordance with。""}",基礎・製品保証。難度は編集上の目安で、公式校正済み難度ではない。,"{""exactStemDuplicates"": [], ""semanticReview"": ""p5-066とin accordance withを反復。保証使用条件と来訪受付規則の別文。""}",[],,
p5-a-5-05,前置詞・語法,practice,"[""日々の練習"", ""分野別"", ""問題選択"", ""論点別"", ""復習""]","[""prep-choice""]",The repair desk is located ------- the lobby and the main staircase on the ground floor.,"[""between"", ""among"", ""throughout"", ""against""]",0,修理受付は1階のロビーと大階段の間にあります。,between A and Bで2地点の間を示す。,"[""betweenがandと対応して位置を表す。"", ""amongはこのA and Bという2地点の枠組みに合わない。"", ""throughoutは全域を表し、2地点の間にはならない。"", ""againstは接触などを表し、2地点の間にはならない。""]",False,located between the lobby and staircaseは自然な場所説明。,2つの具体地点をbetween A and Bで結ぶ。betweenは一般に2つ限定という説明にはしていない。,"{""answerIndex"": 0, ""answer"": ""between"", ""judgment"": ""4選択肢を下記のとおり検討し、この設問で最も適切な解答は1つ。文脈選択の他候補を一律に文法違反とは扱わない。"", ""basis"": ""2つの具体地点をbetween A and Bで結ぶ。betweenは一般に2つ限定という説明にはしていない。""}",ground floorを1階と訳し場所の中間関係を保持。,"{""review"": ""evidence・takeaway・全4肢のreasonsを英文と照合。"", ""finding"": ""2つの具体地点をbetween A and Bで結ぶ。betweenは一般に2つ限定という説明にはしていない。""}",基礎・館内位置案内。難度は編集上の目安で、公式校正済み難度ではない。,"{""exactStemDuplicates"": [], ""semanticReview"": ""前置詞の選択の反復練習。館内位置案内の場面・選択肢を他問と照合し、同文の重複はない。""}",[],,
p5-a-5-06,前置詞・語法,practice,"[""日々の練習"", ""分野別"", ""問題選択"", ""論点別"", ""復習""]","[""prep-collocation""]",The program is intended ------- residents who want to learn basic computer skills at their own pace.,"[""from"", ""for"", ""into"", ""with""]",1,このプログラムは自分のペースでコンピューターの基礎を学びたい住民を対象としています。,be intended forで「〜を対象としている」。,"[""fromでは対象を示す定型表現にならない。"", ""forが想定する利用者を示す。"", ""intoは移動先や変化の結果などを表し、この利用対象を続ける語法には合わない。"", ""withでは対象を示す定型表現にならない。""]",True,program intended for residentsは対象者案内として自然。,intended forは対象者を導く。旧byも意図した行為者を導く受動文として成立し得るため、意図される対象を取らないintoへ変更して一意性を高めた。,"{""answerIndex"": 1, ""answer"": ""for"", ""judgment"": ""4選択肢を下記のとおり検討し、この設問で最も適切な解答は1つ。文脈選択の他候補を一律に文法違反とは扱わない。"", ""basis"": ""intended forは対象者を導く。旧byも意図した行為者を導く受動文として成立し得るため、意図される対象を取らないintoへ変更して一意性を高めた。""}",自分のペースでPC基礎を学ぶ住民向けという意味を保持。,"{""review"": ""evidence・takeaway・全4肢のreasonsを英文と照合。"", ""finding"": ""intended forは対象者を導く。旧byも意図した行為者を導く受動文として成立し得るため、意図される対象を取らないintoへ変更して一意性を高めた。""}",標準・地域学習講座。難度は編集上の目安で、公式校正済み難度ではない。,"{""exactStemDuplicates"": [], ""semanticReview"": ""語法の組み合わせの反復練習。地域学習講座の場面・選択肢を他問と照合し、同文の重複はない。""}",[],,"{""status"": ""addressed"", ""findingAndResolution"": ""独立QAでintended by residentsにも文法的な行為者の読みがあると再指摘。親がby→intoに交換。初回の文脈上の優位だけに頼る判断を強化。"", ""choicesBeforeIndependentQA"": [""from"", ""for"", ""by"", ""with""], ""choicesAfterIndependentQA"": [""from"", ""for"", ""into"", ""with""], ""sourceEditedBy"": ""parent"", ""auditSynchronized"": ""2026-10-02""}"
p5-a-5-07,前置詞・語法,assessment,"[""チャレンジ02"", ""回答後の復習""]","[""prep-collocation""]",Every applicant is responsible ------- ensuring that the contact details on the registration form are current.,"[""of"", ""by"", ""for"", ""to""]",2,登録用紙の連絡先が最新であることを確認する責任は、各応募者にあります。,be responsible for＋名詞・動名詞で責任の内容を示す。,"[""responsible ofという語法にはしない。"", ""responsible byという語法にはしない。"", ""forが責任を持つ行為ensuringを導く。"", ""responsible toは責任を負う相手に使い、この行為に合わない。""]",False,responsible for ensuring details are currentは自然。,責任内容はfor＋動名詞。responsible toの相手用法と区別。,"{""answerIndex"": 2, ""answer"": ""for"", ""judgment"": ""4選択肢を下記のとおり検討し、この設問で最も適切な解答は1つ。文脈選択の他候補を一律に文法違反とは扱わない。"", ""basis"": ""責任内容はfor＋動名詞。responsible toの相手用法と区別。""}",応募者の責任と連絡先の最新性を保持。,"{""review"": ""evidence・takeaway・全4肢のreasonsを英文と照合。"", ""finding"": ""責任内容はfor＋動名詞。responsible toの相手用法と区別。""}",基礎・登録情報管理。難度は編集上の目安で、公式校正済み難度ではない。,"{""exactStemDuplicates"": [], ""semanticReview"": ""p5-062とresponsible for＋動名詞を反復。連絡先確認と設備保守の別文。""}",[],,
p5-a-5-08,前置詞・語法,assessment,"[""チャレンジ02"", ""回答後の復習""]","[""prep-choice""]","The gift shop is open every day ------- Mondays, when staff conduct inventory checks.","[""throughout"", ""beside"", ""toward"", ""except""]",3,ギフトショップは在庫確認を行う月曜日を除き、毎日営業しています。,except＋名詞で除外する対象を表す。,"[""throughoutは期間全体で、例外を示さない。"", ""besideは横の位置を表し、除外ではない。"", ""towardは方向を表し、除外ではない。"", ""except Mondaysで「月曜日を除いて」。""]",False,open every day except Mondaysは自然な定休案内。,exceptがevery dayから例外の日を除く。,"{""answerIndex"": 3, ""answer"": ""except"", ""judgment"": ""4選択肢を下記のとおり検討し、この設問で最も適切な解答は1つ。文脈選択の他候補を一律に文法違反とは扱わない。"", ""basis"": ""exceptがevery dayから例外の日を除く。""}",月曜在庫確認による営業除外を保持。,"{""review"": ""evidence・takeaway・全4肢のreasonsを英文と照合。"", ""finding"": ""exceptがevery dayから例外の日を除く。""}",基礎・店舗営業日。難度は編集上の目安で、公式校正済み難度ではない。,"{""exactStemDuplicates"": [], ""semanticReview"": ""前置詞の選択の反復練習。店舗営業日の場面・選択肢を他問と照合し、同文の重複はない。""}",[],,
p5-a-5-09,前置詞・語法,assessment,"[""チャレンジ02"", ""回答後の復習""]","[""prep-collocation""]",The revised brochure places greater emphasis ------- the walking trails near the visitor center.,"[""on"", ""to"", ""with"", ""from""]",0,改訂版のパンフレットはビジターセンター付近の遊歩道をより重視しています。,place emphasis onで「〜を重視する」。,"[""onが重視する対象を導く。"", ""place emphasis toという組み合わせにはしない。"", ""place emphasis withという組み合わせにはしない。"", ""place emphasis fromという組み合わせにはしない。""]",False,places greater emphasis on trailsは自然な広報方針。,place emphasis onの語法。greaterは名詞emphasisを修飾。,"{""answerIndex"": 0, ""answer"": ""on"", ""judgment"": ""4選択肢を下記のとおり検討し、この設問で最も適切な解答は1つ。文脈選択の他候補を一律に文法違反とは扱わない。"", ""basis"": ""place emphasis onの語法。greaterは名詞emphasisを修飾。""}",改訂版で付近の遊歩道をより重視する意味を保持。,"{""review"": ""evidence・takeaway・全4肢のreasonsを英文と照合。"", ""finding"": ""place emphasis onの語法。greaterは名詞emphasisを修飾。""}",基礎・観光パンフレット。難度は編集上の目安で、公式校正済み難度ではない。,"{""exactStemDuplicates"": [], ""semanticReview"": ""語法の組み合わせの反復練習。観光パンフレットの場面・選択肢を他問と照合し、同文の重複はない。""}",[],,
p5-a-6-01,語彙,practice,"[""日々の練習"", ""分野別"", ""問題選択"", ""論点別"", ""復習""]","[""vocab-context"", ""vocab-verb""]",The editor asked the writer to ------- the two-page article to fit the magazine's one-page limit.,"[""lengthen"", ""reprint"", ""illustrate"", ""shorten""]",3,編集者は雑誌の1ページ制限に収まるよう、筆者に2ページの記事を短くするよう求めました。,紙面の制限に合わせて文章を短くする動詞を選ぶ。,"[""lengthenは「長くする」。制限に収める方向と逆。"", ""reprintは「再印刷する」。そのまま刷り直しても文章量は減らない。"", ""illustrateは「図解する」。記事の長さを縮める意味ではない。"", ""shortenは「短くする」。ページ制限への対応に合う。""]",True,two-page articleをone-page limitに収める目的を明記し自然に短縮へ導く。,4語ともtoの後の原形として文法的。2ページから1ページにする操作はshortenが最適。,"{""answerIndex"": 3, ""answer"": ""shorten"", ""judgment"": ""4選択肢を下記のとおり検討し、この設問で最も適切な解答は1つ。文脈選択の他候補を一律に文法違反とは扱わない。"", ""basis"": ""4語ともtoの後の原形として文法的。2ページから1ページにする操作はshortenが最適。""}",元の2ページという追加条件を和訳にも反映。,"{""review"": ""evidence・takeaway・全4肢のreasonsを英文と照合。"", ""finding"": ""4語ともtoの後の原形として文法的。2ページから1ページにする操作はshortenが最適。""}",基礎・編集業務。難度は編集上の目安で、公式校正済み難度ではない。,"{""exactStemDuplicates"": [], ""semanticReview"": ""文脈で選ぶ動詞の反復練習。編集業務の場面・選択肢を他問と照合し、同文の重複はない。""}",[],,
p5-a-6-02,語彙,practice,"[""日々の練習"", ""分野別"", ""問題選択"", ""論点別"", ""復習""]","[""vocab-context"", ""vocab-noun""]",Passengers received a full ------- of their fares when the morning ferry was canceled.,"[""refund"", ""deposit"", ""subsidy"", ""receipt""]",0,午前のフェリーが欠航した際、乗客は運賃全額の払い戻しを受けました。,運航が取り消された利用料金の返却はrefund。,"[""refundは「払い戻し」。支払った運賃全額の返却に合う。"", ""depositは「預け金」。欠航時に運賃を返すものではない。"", ""subsidyは「補助金」。運賃全額の返却とは異なる。"", ""receiptは「領収書」。a receipt for the fareなら可能だが、a full receipt of their faresとはしない。""]",False,full refund of faresは欠航対応として自然。,返金額をofで指定する名詞refund。receiptならforと組むのが通常。,"{""answerIndex"": 0, ""answer"": ""refund"", ""judgment"": ""4選択肢を下記のとおり検討し、この設問で最も適切な解答は1つ。文脈選択の他候補を一律に文法違反とは扱わない。"", ""basis"": ""返金額をofで指定する名詞refund。receiptならforと組むのが通常。""}",午前便欠航時の運賃全額払い戻しを保持。,"{""review"": ""evidence・takeaway・全4肢のreasonsを英文と照合。"", ""finding"": ""返金額をofで指定する名詞refund。receiptならforと組むのが通常。""}",基礎・交通の払い戻し。難度は編集上の目安で、公式校正済み難度ではない。,"{""exactStemDuplicates"": [], ""semanticReview"": ""文脈で選ぶ名詞の反復練習。交通の払い戻しの場面・選択肢を他問と照合し、同文の重複はない。""}",[],,
p5-a-6-03,語彙,practice,"[""日々の練習"", ""分野別"", ""問題選択"", ""論点別"", ""復習""]","[""vocab-context"", ""vocab-adjective""]",The training video is ------- for all new volunteers; no one may begin a shift without watching it.,"[""unavailable"", ""mandatory"", ""optional"", ""prohibited""]",1,研修動画の視聴は新しいボランティア全員に必須で、見ないと勤務を始められません。,行動を始めるために必ず必要なものはmandatory。,"[""unavailableは「利用できない」。研修用動画を見てから勤務するという指示に合わない。"", ""mandatoryは「必須の」。見なければ勤務できないという義務と一致する。"", ""optionalは「任意の」。全員への視聴義務と矛盾する。"", ""prohibitedは「禁止された」。視聴が勤務開始の条件であるという説明と矛盾する。""]",True,video is mandatoryは視聴を換喩的に義務とする自然な案内。,4語とも形容詞補語としての位置は可能。mandatoryは視聴なしでは勤務不可という条件に対応する。初回のintroductoryとsupplementaryは義務と両立し得たため、prohibitedとunavailableへ交換。,"{""answerIndex"": 1, ""answer"": ""mandatory"", ""judgment"": ""4選択肢を下記のとおり検討し、この設問で最も適切な解答は1つ。文脈選択の他候補を一律に文法違反とは扱わない。"", ""basis"": ""4語とも形容詞補語としての位置は可能。mandatoryは視聴なしでは勤務不可という条件に対応する。初回のintroductoryとsupplementaryは義務と両立し得たため、prohibitedとunavailableへ交換。""}",全新人に動画視聴を必須とする義務を保持。,"{""review"": ""evidence・takeaway・全4肢のreasonsを英文と照合。"", ""finding"": ""4語とも形容詞補語としての位置は可能。mandatoryは視聴なしでは勤務不可という条件に対応する。初回のintroductoryとsupplementaryは義務と両立し得たため、prohibitedとunavailableへ交換。""}",基礎・ボランティア研修。難度は編集上の目安で、公式校正済み難度ではない。,"{""exactStemDuplicates"": [], ""semanticReview"": ""文脈で選ぶ形容詞の反復練習。ボランティア研修の場面・選択肢を他問と照合し、同文の重複はない。""}",[],,"{""status"": ""addressed"", ""findingAndResolution"": ""独立QAは入門用・補足用という属性が視聴必須と両立すると指摘。親がintroductory→prohibited、supplementary→unavailableへ交換。初回の最適解中心の判断をより明確な誤答へ改訂。"", ""choicesBeforeIndependentQA"": [""supplementary"", ""mandatory"", ""optional"", ""introductory""], ""choicesAfterIndependentQA"": [""unavailable"", ""mandatory"", ""optional"", ""prohibited""], ""sourceEditedBy"": ""parent"", ""auditSynchronized"": ""2026-10-02""}"
p5-a-6-04,語彙,practice,"[""日々の練習"", ""分野別"", ""問題選択"", ""論点別"", ""復習""]","[""vocab-context"", ""vocab-adverb""]",The library will close ------- for roof repairs and reopen once the work has been completed.,"[""accidentally"", ""individually"", ""temporarily"", ""permanently""]",2,図書館は屋根修理のため一時的に休館し、作業完了後に再開します。,再開を予定する期間限定の閉鎖にはtemporarily。,"[""accidentallyは「偶然に」。計画された工事による休館に合わない。"", ""individuallyは「個別に」。1館の休館期間を説明しない。"", ""temporarilyは「一時的に」。修理後の再開に合う。"", ""permanentlyは「永久に」。再開予定と矛盾する。""]",False,close temporarily and reopenは修理休館として自然。,副詞4語は形式上動詞修飾可能。予定された再開が一時性を限定。,"{""answerIndex"": 2, ""answer"": ""temporarily"", ""judgment"": ""4選択肢を下記のとおり検討し、この設問で最も適切な解答は1つ。文脈選択の他候補を一律に文法違反とは扱わない。"", ""basis"": ""副詞4語は形式上動詞修飾可能。予定された再開が一時性を限定。""}",屋根修理中の一時閉鎖と作業完了後の再開を保持。,"{""review"": ""evidence・takeaway・全4肢のreasonsを英文と照合。"", ""finding"": ""副詞4語は形式上動詞修飾可能。予定された再開が一時性を限定。""}",基礎・施設休館。難度は編集上の目安で、公式校正済み難度ではない。,"{""exactStemDuplicates"": [], ""semanticReview"": ""文脈で選ぶ副詞の反復練習。施設休館の場面・選択肢を他問と照合し、同文の重複はない。""}",[],,
p5-a-6-05,語彙,practice,"[""日々の練習"", ""分野別"", ""問題選択"", ""論点別"", ""復習""]","[""vocab-context"", ""vocab-collocation""]",Please ------- your password immediately if you suspect that someone else has accessed your account.,"[""retain"", ""retrieve"", ""reveal"", ""reset""]",3,他人がアカウントにアクセスした疑いがある場合は、すぐパスワードを再設定してください。,認証情報を新しく設定し直す動作はreset。,"[""retainは「保持する」。同じパスワードを維持しても不正利用対策にならない。"", ""retrieveは「取り出す・取得する」。忘れたパスワードの取得ではなく、不正利用への対応が必要。"", ""revealは「明かす」。他人に明かすことは安全の確保につながらない。"", ""reset a passwordでパスワードを再設定する。不正利用の疑いへの対応。""]",False,reset a password if unauthorized access is suspectedは自然な利用者案内。,命令文の原形4語は形式上可能で、不正利用疑いへの対応で判別。,"{""answerIndex"": 3, ""answer"": ""reset"", ""judgment"": ""4選択肢を下記のとおり検討し、この設問で最も適切な解答は1つ。文脈選択の他候補を一律に文法違反とは扱わない。"", ""basis"": ""命令文の原形4語は形式上可能で、不正利用疑いへの対応で判別。""}",疑いがある時点で直ちに再設定する意味を保持。,"{""review"": ""evidence・takeaway・全4肢のreasonsを英文と照合。"", ""finding"": ""命令文の原形4語は形式上可能で、不正利用疑いへの対応で判別。""}",基礎・アカウント管理。難度は編集上の目安で、公式校正済み難度ではない。,"{""exactStemDuplicates"": [], ""semanticReview"": ""語の組み合わせの反復練習。アカウント管理の場面・選択肢を他問と照合し、同文の重複はない。""}",[],,
p5-a-6-06,語彙,practice,"[""日々の練習"", ""分野別"", ""問題選択"", ""論点別"", ""復習""]","[""vocab-context"", ""vocab-noun""]","Please submit the signed ------- of the final agreement, not a photocopy, and keep a copy for your records.","[""original"", ""inventory"", ""proposal"", ""draft""]",0,最終契約書はコピーではなく署名済み原本を提出し、記録用に写しを保管してください。,コピーに対する元の文書は名詞originalで表す。,"[""originalは「原本」。photocopyとの対比に合う。"", ""inventoryは「在庫・物品一覧」。最終契約書の原本を表す語ではなく、inventory of the final agreementという組み合わせも合わない。"", ""proposalは「提案書」。署名済み契約書の原本ではない。"", ""draftは「草案」。署名される場合もあるが、ここではfinal agreementの原本を指定しており合わない。""]",True,final agreementとnot a photocopyを追加し原本指定を明確にした。,原本はコピーと対比する文書の出自、草案は完成段階で別軸。final agreementで草案を除外し、原本提出があり得るsummaryをinventoryへ交換して文書内容の曖昧さも削減。,"{""answerIndex"": 0, ""answer"": ""original"", ""judgment"": ""4選択肢を下記のとおり検討し、この設問で最も適切な解答は1つ。文脈選択の他候補を一律に文法違反とは扱わない。"", ""basis"": ""原本はコピーと対比する文書の出自、草案は完成段階で別軸。final agreementで草案を除外し、原本提出があり得るsummaryをinventoryへ交換して文書内容の曖昧さも削減。""}",最終契約・コピー不可・控え保管を対応させて更新。,"{""review"": ""evidence・takeaway・全4肢のreasonsを英文と照合。"", ""finding"": ""原本はコピーと対比する文書の出自、草案は完成段階で別軸。final agreementで草案を除外し、原本提出があり得るsummaryをinventoryへ交換して文書内容の曖昧さも削減。""}",標準・文書提出。難度は編集上の目安で、公式校正済み難度ではない。,"{""exactStemDuplicates"": [], ""semanticReview"": ""文脈で選ぶ名詞の反復練習。文書提出の場面・選択肢を他問と照合し、同文の重複はない。""}","[{""url"": ""https://dictionary.cambridge.org/us/dictionary/english/draft"", ""finding"": ""draftは未完成段階の文書という語義。署名の有無と文書の完成段階は同一でないので、final agreementで区別を明示。""}]",,"{""status"": ""addressed"", ""findingAndResolution"": ""初回修正でfinal agreementとnot a photocopyを追加。独立QAは要約summaryの署名原本も提出できると指摘し、親がsummary→inventoryに交換。"", ""choicesBeforeIndependentQA"": [""original"", ""summary"", ""proposal"", ""draft""], ""choicesAfterIndependentQA"": [""original"", ""inventory"", ""proposal"", ""draft""], ""sourceEditedBy"": ""parent"", ""auditSynchronized"": ""2026-10-02""}"
p5-a-6-07,語彙,practice,"[""日々の練習"", ""分野別"", ""問題選択"", ""論点別"", ""復習""]","[""vocab-context"", ""vocab-adjective""]",The folding chair is ------- enough to carry with one hand between classrooms.,"[""adjustable"", ""lightweight"", ""durable"", ""flexible""]",1,その折り畳み椅子は片手で教室間を持ち運べるほど軽量です。,片手で持ち運べる重さを表すlightweightが適切。,"[""adjustableは「調節できる」。重量の軽さを表さない。"", ""lightweightは「軽量の」。片手で運べる重さと結び付く。"", ""durableは「丈夫な」。丈夫でも重い椅子はあり、片手で運べる根拠にならない。"", ""flexibleは「柔軟な」。柔軟さだけでは片手で運べる重さを示せない。""]",False,lightweight enough to carry with one handは自然。,形容詞＋enough to、持運びに必要な重さの程度で判別。,"{""answerIndex"": 1, ""answer"": ""lightweight"", ""judgment"": ""4選択肢を下記のとおり検討し、この設問で最も適切な解答は1つ。文脈選択の他候補を一律に文法違反とは扱わない。"", ""basis"": ""形容詞＋enough to、持運びに必要な重さの程度で判別。""}",折り畳み椅子を教室間で片手運搬できる軽さを保持。,"{""review"": ""evidence・takeaway・全4肢のreasonsを英文と照合。"", ""finding"": ""形容詞＋enough to、持運びに必要な重さの程度で判別。""}",基礎・施設備品。難度は編集上の目安で、公式校正済み難度ではない。,"{""exactStemDuplicates"": [], ""semanticReview"": ""文脈で選ぶ形容詞の反復練習。施設備品の場面・選択肢を他問と照合し、同文の重複はない。""}",[],,
p5-a-6-08,語彙,practice,"[""日々の練習"", ""分野別"", ""問題選択"", ""論点別"", ""復習""]","[""vocab-context"", ""vocab-verb""]","To keep the exhibition current, the curator plans to ------- half the photographs with new selections each month.","[""borrow"", ""admire"", ""replace"", ""retain""]",2,展示を新鮮に保つため、学芸員は毎月写真の半数を新たな作品に入れ替える予定です。,replace A with Bで古い展示を新しいものに取り替える。,"[""borrowは「借りる」。A with Bで入れ替えを表さない。"", ""admireは「鑑賞する・称賛する」。展示の更新ではない。"", ""replaceは「取り替える」。withで新しい物を導く。"", ""retainは「保持する」。新しい作品への入れ替えと合わない。""]",False,replace photographs with new selectionsは自然な展示更新。,replace A with Bが交換を表す。4語の原形自体はtoに続く。,"{""answerIndex"": 2, ""answer"": ""replace"", ""judgment"": ""4選択肢を下記のとおり検討し、この設問で最も適切な解答は1つ。文脈選択の他候補を一律に文法違反とは扱わない。"", ""basis"": ""replace A with Bが交換を表す。4語の原形自体はtoに続く。""}",毎月半数を新作品に替えて新鮮さを保つ意味を保持。,"{""review"": ""evidence・takeaway・全4肢のreasonsを英文と照合。"", ""finding"": ""replace A with Bが交換を表す。4語の原形自体はtoに続く。""}",基礎・展示管理。難度は編集上の目安で、公式校正済み難度ではない。,"{""exactStemDuplicates"": [], ""semanticReview"": ""文脈で選ぶ動詞の反復練習。展示管理の場面・選択肢を他問と照合し、同文の重複はない。""}",[],,
p5-a-6-09,語彙,practice,"[""日々の練習"", ""分野別"", ""問題選択"", ""論点別"", ""復習""]","[""vocab-context"", ""vocab-noun""]",The repair service offers a six-month ------- covering defects in replacement parts.,"[""estimate"", ""invoice"", ""deposit"", ""warranty""]",3,修理サービスでは交換部品の欠陥を対象とした6か月の保証を提供しています。,欠陥があった場合の対応を約束するものはwarranty。,"[""estimateは「見積もり」。費用予測であり、欠陥対応の保証ではない。"", ""invoiceは「請求書」。修理料金を請求する書類で保証ではない。"", ""depositは「預け金・手付金」。欠陥対応の保証契約ではない。"", ""warrantyは「保証」。部品の欠陥を6か月間対象にする。""]",False,six-month warranty covering defectsは自然な保証案内。,欠陥を一定期間保証するという意味上の選択。,"{""answerIndex"": 3, ""answer"": ""warranty"", ""judgment"": ""4選択肢を下記のとおり検討し、この設問で最も適切な解答は1つ。文脈選択の他候補を一律に文法違反とは扱わない。"", ""basis"": ""欠陥を一定期間保証するという意味上の選択。""}",交換部品の欠陥に対する6か月の保証を保持。,"{""review"": ""evidence・takeaway・全4肢のreasonsを英文と照合。"", ""finding"": ""欠陥を一定期間保証するという意味上の選択。""}",基礎・修理保証。難度は編集上の目安で、公式校正済み難度ではない。,"{""exactStemDuplicates"": [], ""semanticReview"": ""p5-063と保証の文脈が共通。こちらは名詞warranty選択、元問は後続の語法。""}",[],,
p5-a-6-10,語彙,practice,"[""日々の練習"", ""分野別"", ""問題選択"", ""論点別"", ""復習""]","[""vocab-context"", ""vocab-adverb""]",The chef cut the vegetables ------- so that every piece would cook in the same amount of time.,"[""uniformly"", ""secretly"", ""previously"", ""rarely""]",0,どの切片にも同じ時間で火が通るよう、料理長は野菜を均一に切りました。,切片の大きさをそろえる方法にはuniformly。,"[""uniformlyは「均一に」。同じ加熱時間に合う。"", ""secretlyは「秘密に」。火の通りをそろえる理由にならない。"", ""previouslyは「以前に」。切片を均等にする方法ではない。"", ""rarelyは「めったに〜ない」。この切り方の目的に合わない。""]",False,cut vegetables uniformlyは等しい加熱時間のための自然な調理説明。,副詞4語の文法形は可能だが目的節が切り方の均等性を指定。,"{""answerIndex"": 0, ""answer"": ""uniformly"", ""judgment"": ""4選択肢を下記のとおり検討し、この設問で最も適切な解答は1つ。文脈選択の他候補を一律に文法違反とは扱わない。"", ""basis"": ""副詞4語の文法形は可能だが目的節が切り方の均等性を指定。""}",切片すべてに同じ時間で火が通る目的を保持。,"{""review"": ""evidence・takeaway・全4肢のreasonsを英文と照合。"", ""finding"": ""副詞4語の文法形は可能だが目的節が切り方の均等性を指定。""}",基礎・調理作業。難度は編集上の目安で、公式校正済み難度ではない。,"{""exactStemDuplicates"": [], ""semanticReview"": ""文脈で選ぶ副詞の反復練習。調理作業の場面・選択肢を他問と照合し、同文の重複はない。""}",[],,
p5-a-6-11,語彙,practice,"[""日々の練習"", ""分野別"", ""問題選択"", ""論点別"", ""復習""]","[""vocab-context"", ""vocab-collocation""]","The workshop fee includes all materials, so participants do not need to ------- any supplies themselves.","[""exchange"", ""purchase"", ""donate"", ""return""]",1,講習費には材料がすべて含まれるため、参加者は自分で用品を買う必要がありません。,用品を自費で買う動作を表すpurchaseを選ぶ。,"[""exchangeは「交換する」。購入不要という文脈に対応しない。"", ""purchaseは「購入する」。材料費込みなので自分で買う必要がない。"", ""donateは「寄付する」。料金に材料が含まれることは寄付の要否を説明しない。"", ""returnは「返却する」。材料費込みでも返却するかは別の条件。""]",False,fee includes materials so no need to purchase suppliesは自然。,need toに全原形は可能。材料費込みという理由が購入不要を導く。,"{""answerIndex"": 1, ""answer"": ""purchase"", ""judgment"": ""4選択肢を下記のとおり検討し、この設問で最も適切な解答は1つ。文脈選択の他候補を一律に文法違反とは扱わない。"", ""basis"": ""need toに全原形は可能。材料費込みという理由が購入不要を導く。""}",料金に全材料が含まれ自分で買わなくてよい意味を保持。,"{""review"": ""evidence・takeaway・全4肢のreasonsを英文と照合。"", ""finding"": ""need toに全原形は可能。材料費込みという理由が購入不要を導く。""}",基礎・講習会費用。難度は編集上の目安で、公式校正済み難度ではない。,"{""exactStemDuplicates"": [], ""semanticReview"": ""語の組み合わせの反復練習。講習会費用の場面・選択肢を他問と照合し、同文の重複はない。""}",[],,
p5-a-6-12,語彙,practice,"[""日々の練習"", ""分野別"", ""問題選択"", ""論点別"", ""復習""]","[""vocab-context"", ""vocab-noun""]","Because the hall has excellent -------, speakers can be heard clearly even from the back row.","[""capacity"", ""visibility"", ""acoustics"", ""ventilation""]",2,ホールの音響が優れているため、最後列からも話者の声がはっきり聞こえます。,建物の中での音の響きはacoustics。,"[""capacityは「収容人数・容量」。声の響きや聞き取りやすさを表す性質ではない。"", ""visibilityは「見通し」。声の聞こえ方ではない。"", ""acousticsは「音響」。ホール全体で声が明瞭に聞こえる性質を表す。"", ""ventilationは「換気」。声の響きを示さない。""]",True,excellent acousticsで最後列でも明瞭という因果は自然。,遮音insulationも聴きやすさに寄与し得るためcapacityへ変更。名詞の意味で判定。,"{""answerIndex"": 2, ""answer"": ""acoustics"", ""judgment"": ""4選択肢を下記のとおり検討し、この設問で最も適切な解答は1つ。文脈選択の他候補を一律に文法違反とは扱わない。"", ""basis"": ""遮音insulationも聴きやすさに寄与し得るためcapacityへ変更。名詞の意味で判定。""}",ホール音響と最後列での可聴性を保持。,"{""review"": ""evidence・takeaway・全4肢のreasonsを英文と照合。"", ""finding"": ""遮音insulationも聴きやすさに寄与し得るためcapacityへ変更。名詞の意味で判定。""}",標準・会場設備。難度は編集上の目安で、公式校正済み難度ではない。,"{""exactStemDuplicates"": [], ""semanticReview"": ""p5-a-1-26とacousticsの語を共有。今回は音響そのものの語彙、先方はsatisfactionの品詞。""}","[{""url"": ""https://dictionary.cambridge.org/us/dictionary/english/acoustics"", ""finding"": ""室内の音の響き方を表す語義。""}, {""url"": ""https://dictionary.cambridge.org/us/dictionary/english/insulation"", ""finding"": ""insulationには音の出入りを防ぐ意味があり、聞き取りを助け得るので一律に無関係とはしない。誤答をcapacityに交換。""}]",,
p5-a-6-13,語彙,practice,"[""日々の練習"", ""分野別"", ""問題選択"", ""論点別"", ""復習""]","[""vocab-context"", ""vocab-adjective""]","The website provides ------- instructions, with a numbered diagram for every stage of assembly.","[""secondhand"", ""outdated"", ""reusable"", ""step-by-step""]",3,ウェブサイトには組み立ての各段階の番号付き図と、順を追った説明があります。,工程を順番に説明する性質はstep-by-step。,"[""secondhandは「中古の・伝聞の」。工程順の説明ではない。"", ""outdatedは「時代遅れの」。図が各工程にあることからは導けない。"", ""reusableは「再利用できる」。順番に説明する構成ではない。"", ""step-by-stepは「段階的な」。番号付きの各工程に合う。""]",False,step-by-step instructions with numbered diagramsは自然。,4形容詞とも名詞前に置けるが、各段階の番号付き図が手順順の説明を指定。,"{""answerIndex"": 3, ""answer"": ""step-by-step"", ""judgment"": ""4選択肢を下記のとおり検討し、この設問で最も適切な解答は1つ。文脈選択の他候補を一律に文法違反とは扱わない。"", ""basis"": ""4形容詞とも名詞前に置けるが、各段階の番号付き図が手順順の説明を指定。""}",組立て各段階の番号付き図と順を追う説明を保持。,"{""review"": ""evidence・takeaway・全4肢のreasonsを英文と照合。"", ""finding"": ""4形容詞とも名詞前に置けるが、各段階の番号付き図が手順順の説明を指定。""}",基礎・組立説明書。難度は編集上の目安で、公式校正済み難度ではない。,"{""exactStemDuplicates"": [], ""semanticReview"": ""文脈で選ぶ形容詞の反復練習。組立説明書の場面・選択肢を他問と照合し、同文の重複はない。""}",[],,
p5-a-6-14,語彙,practice,"[""日々の練習"", ""分野別"", ""問題選択"", ""論点別"", ""復習""]","[""vocab-context"", ""vocab-verb""]","With no sign-language interpreters on staff, the organizer must ------- one to assist deaf attendees.","[""hire"", ""dismiss"", ""promote"", ""evaluate""]",0,職員に手話通訳者がいないため、主催者は耳の不自由な参加者を支援する手話通訳者を1人雇う必要があります。,いない専門家を新たに確保して雇う動詞hireを選ぶ。,"[""hireは「雇う」。職員にいない通訳者を確保する。"", ""dismissは「解雇する」。通訳者がいないという条件と合わない。"", ""promoteは「昇進させる」。通訳者を新たに確保する行為ではない。"", ""evaluateは「評価する」。評価だけでは通訳の担当者を確保したことにならない。""]",True,聴覚に障害のある参加者への支援なのでsign-language interpretersと具体化。,must＋原形は4語とも可能で、未確保の担当者を雇うhireが適切。,"{""answerIndex"": 0, ""answer"": ""hire"", ""judgment"": ""4選択肢を下記のとおり検討し、この設問で最も適切な解答は1つ。文脈選択の他候補を一律に文法違反とは扱わない。"", ""basis"": ""must＋原形は4語とも可能で、未確保の担当者を雇うhireが適切。""}",手話通訳者を新たに雇用する内容を明示して更新。,"{""review"": ""evidence・takeaway・全4肢のreasonsを英文と照合。"", ""finding"": ""must＋原形は4語とも可能で、未確保の担当者を雇うhireが適切。""}",基礎・イベントの支援体制。難度は編集上の目安で、公式校正済み難度ではない。,"{""exactStemDuplicates"": [], ""semanticReview"": ""文脈で選ぶ動詞の反復練習。イベントの支援体制の場面・選択肢を他問と照合し、同文の重複はない。""}",[],,
p5-a-6-15,語彙,practice,"[""日々の練習"", ""分野別"", ""問題選択"", ""論点別"", ""復習""]","[""vocab-context"", ""vocab-noun""]",The gate will open only after the scanner verifies the ------- of the barcode on your ticket.,"[""location"", ""validity"", ""priority"", ""duration""]",1,スキャナーがチケットのバーコードの有効性を確認した後にのみ、ゲートが開きます。,チケットが有効かどうかという性質はvalidity。,"[""locationは「場所」。バーコードの位置の確認だけでは入場資格を検証できない。"", ""validityは「有効性」。入場券が使えるかの確認に合う。"", ""priorityは「優先順位」。バーコードの有効・無効の確認ではない。"", ""durationは「継続時間」。コードが入場に使えるかを示さない。""]",False,scanner verifies validity of a barcodeは自然な入場管理。,verifiesの目的語は名詞句で、券が有効かが入場条件。,"{""answerIndex"": 1, ""answer"": ""validity"", ""judgment"": ""4選択肢を下記のとおり検討し、この設問で最も適切な解答は1つ。文脈選択の他候補を一律に文法違反とは扱わない。"", ""basis"": ""verifiesの目的語は名詞句で、券が有効かが入場条件。""}",確認後のみゲートが開く限定を保持。,"{""review"": ""evidence・takeaway・全4肢のreasonsを英文と照合。"", ""finding"": ""verifiesの目的語は名詞句で、券が有効かが入場条件。""}",基礎・電子入場券。難度は編集上の目安で、公式校正済み難度ではない。,"{""exactStemDuplicates"": [], ""semanticReview"": ""文脈で選ぶ名詞の反復練習。電子入場券の場面・選択肢を他問と照合し、同文の重複はない。""}",[],,
p5-a-6-16,語彙,practice,"[""日々の練習"", ""分野別"", ""問題選択"", ""論点別"", ""復習""]","[""vocab-context"", ""vocab-adverb""]",The outdoor concert has been moved ------- because heavy rain is expected throughout the evening.,"[""upstream"", ""overseas"", ""indoors"", ""abroad""]",2,夕方から夜にかけてずっと大雨の予報があるため、屋外コンサートは屋内に変更されました。,雨を避けるための移動先を表すindoorsを選ぶ。,"[""upstreamは「上流へ」。雨を避ける会場を表さない。"", ""overseasは「海外へ」。雨への対処として不適切。"", ""indoorsは「屋内へ」。雨への対応に合う。"", ""abroadは「外国へ」。予報されている雨への移動先に合わない。""]",True,moved indoors because of rainは自然。,方向副詞はmoveと形式上結び付くが雨を避ける会場がindoors。,"{""answerIndex"": 2, ""answer"": ""indoors"", ""judgment"": ""4選択肢を下記のとおり検討し、この設問で最も適切な解答は1つ。文脈選択の他候補を一律に文法違反とは扱わない。"", ""basis"": ""方向副詞はmoveと形式上結び付くが雨を避ける会場がindoors。""}",eveningを夜通しと訳していたため夕方から夜にかけてに修正。,"{""review"": ""evidence・takeaway・全4肢のreasonsを英文と照合。"", ""finding"": ""方向副詞はmoveと形式上結び付くが雨を避ける会場がindoors。""}",基礎・悪天候時の会場変更。難度は編集上の目安で、公式校正済み難度ではない。,"{""exactStemDuplicates"": [], ""semanticReview"": ""文脈で選ぶ副詞の反復練習。悪天候時の会場変更の場面・選択肢を他問と照合し、同文の重複はない。""}",[],,
p5-a-6-17,語彙,practice,"[""日々の練習"", ""分野別"", ""問題選択"", ""論点別"", ""復習""]","[""vocab-context"", ""vocab-collocation""]",The publisher plans to ------- a revised edition of the guidebook before the summer travel season.,"[""relieve"", ""relate"", ""resign"", ""release""]",3,出版社は夏の旅行シーズン前にガイドブックの改訂版を発売する予定です。,出版物を市場に出す動作を表すreleaseを選ぶ。,"[""relieveは「和らげる・交代させる」。出版の意味がない。"", ""relateは「関連付ける・語る」。改訂版の発売ではない。"", ""resignは「辞任する」。出版物を目的語にできない。"", ""releaseは「発売する」。改訂版の刊行に合う。""]",False,release a revised editionは自然な出版計画。,原形動詞の意味と出版物目的語との組合せで判定。,"{""answerIndex"": 3, ""answer"": ""release"", ""judgment"": ""4選択肢を下記のとおり検討し、この設問で最も適切な解答は1つ。文脈選択の他候補を一律に文法違反とは扱わない。"", ""basis"": ""原形動詞の意味と出版物目的語との組合せで判定。""}",夏の旅行期前のガイド改訂版刊行を保持。,"{""review"": ""evidence・takeaway・全4肢のreasonsを英文と照合。"", ""finding"": ""原形動詞の意味と出版物目的語との組合せで判定。""}",基礎・出版業務。難度は編集上の目安で、公式校正済み難度ではない。,"{""exactStemDuplicates"": [], ""semanticReview"": ""語の組み合わせの反復練習。出版業務の場面・選択肢を他問と照合し、同文の重複はない。""}",[],,
p5-a-6-18,語彙,practice,"[""日々の練習"", ""分野別"", ""問題選択"", ""論点別"", ""復習""]","[""vocab-context"", ""vocab-adjective""]","The instructions are deliberately -------, avoiding technical language that first-time users may not understand.","[""plain"", ""steep"", ""fragile"", ""narrow""]",0,初めて使う人に分からない専門用語を避け、説明は意図的に平易にしてあります。,難しい言葉を使わない説明はplain。,"[""plainは「平易な」。専門用語を避ける説明に合う。"", ""steepは「急な」。説明の分かりやすさを示さない。"", ""fragileは「壊れやすい」。言葉の平易さを示さない。"", ""narrowは「狭い」。専門用語を避ける意味にならない。""]",False,instructions are deliberately plainは自然なわかりやすさの設計。,be＋形容詞は全語で形式上可能。技術用語を避けることがplainの根拠。,"{""answerIndex"": 0, ""answer"": ""plain"", ""judgment"": ""4選択肢を下記のとおり検討し、この設問で最も適切な解答は1つ。文脈選択の他候補を一律に文法違反とは扱わない。"", ""basis"": ""be＋形容詞は全語で形式上可能。技術用語を避けることがplainの根拠。""}",初利用者向けに意図的に専門用語を避ける意味を保持。,"{""review"": ""evidence・takeaway・全4肢のreasonsを英文と照合。"", ""finding"": ""be＋形容詞は全語で形式上可能。技術用語を避けることがplainの根拠。""}",基礎・利用説明。難度は編集上の目安で、公式校正済み難度ではない。,"{""exactStemDuplicates"": [], ""semanticReview"": ""文脈で選ぶ形容詞の反復練習。利用説明の場面・選択肢を他問と照合し、同文の重複はない。""}",[],,
p5-a-6-19,語彙,practice,"[""日々の練習"", ""分野別"", ""問題選択"", ""論点別"", ""復習""]","[""vocab-context"", ""vocab-verb""]",Please ------- each misspelled word by replacing it with the proper spelling before printing the menu.,"[""identify"", ""correct"", ""collect"", ""compare""]",1,メニューを印刷する前に、つづりを間違えた各語を正しいつづりに置き換えて訂正してください。,正しい表記への置き換えという訂正の動作を表すcorrect。,"[""identifyは「特定する」。誤りを見つける段階を越えて修正している。"", ""correctは「訂正する」。正しいつづりへの置き換えと一致する。"", ""collectは「集める」。正しい表記への置き換えは収集ではない。"", ""compareは「比較する」。置き換えは比較ではなく訂正。""]",False,correct words by replacing misspellingsは自然。,by以下が訂正の具体的方法を述べ、単なる誤りの発見と区別。,"{""answerIndex"": 1, ""answer"": ""correct"", ""judgment"": ""4選択肢を下記のとおり検討し、この設問で最も適切な解答は1つ。文脈選択の他候補を一律に文法違反とは扱わない。"", ""basis"": ""by以下が訂正の具体的方法を述べ、単なる誤りの発見と区別。""}",メニュー印刷前の各誤字訂正を保持。,"{""review"": ""evidence・takeaway・全4肢のreasonsを英文と照合。"", ""finding"": ""by以下が訂正の具体的方法を述べ、単なる誤りの発見と区別。""}",基礎・印刷物校正。難度は編集上の目安で、公式校正済み難度ではない。,"{""exactStemDuplicates"": [], ""semanticReview"": ""文脈で選ぶ動詞の反復練習。印刷物校正の場面・選択肢を他問と照合し、同文の重複はない。""}",[],,
p5-a-6-20,語彙,practice,"[""日々の練習"", ""分野別"", ""問題選択"", ""論点別"", ""復習""]","[""vocab-context"", ""vocab-noun""]",Please keep the ------- as proof of purchase if you might need to return the item.,"[""response"", ""residence"", ""receipt"", ""recipe""]",2,商品を返品する可能性がある場合は、購入証明としてレシートを保管してください。,購入を証明する書類はreceipt。,"[""responseは「返答」。支払いを証明する書類ではない。"", ""residenceは「住居」。購入証明として保管するものではない。"", ""receiptは「領収書・レシート」。購入証明になる。"", ""recipeは「調理法」。購入の証明にはならない。""]",False,keep the receipt as proof of purchaseは自然な返品案内。,名詞4語の位置は可能。購入証明として保管する書類義で選択。,"{""answerIndex"": 2, ""answer"": ""receipt"", ""judgment"": ""4選択肢を下記のとおり検討し、この設問で最も適切な解答は1つ。文脈選択の他候補を一律に文法違反とは扱わない。"", ""basis"": ""名詞4語の位置は可能。購入証明として保管する書類義で選択。""}",返品可能性に備えたレシート保管を保持。,"{""review"": ""evidence・takeaway・全4肢のreasonsを英文と照合。"", ""finding"": ""名詞4語の位置は可能。購入証明として保管する書類義で選択。""}",基礎・商品返品。難度は編集上の目安で、公式校正済み難度ではない。,"{""exactStemDuplicates"": [], ""semanticReview"": ""p5-a-6-02とreceiptを共有するが返金語彙と購入証明の別論点。""}",[],,
p5-a-6-21,語彙,assessment,"[""チャレンジ02"", ""回答後の復習""]","[""vocab-context"", ""vocab-verb""]",The mobile app allows visitors to ------- their tickets at the entrance instead of carrying paper copies.,"[""cancel"", ""renew"", ""reserve"", ""display""]",3,モバイルアプリを使えば、来場者は紙の券を持たずに入口でチケットを表示できます。,紙の代わりに画面でチケットを提示する動詞display。,"[""cancelは「取り消す」。入場時に紙の代わりに券を提示する目的に合わない。"", ""renewは「更新する」。有効期間の延長ではなく入場時の提示。"", ""reserveは「予約する」。すでに持つ券を入口で使う方法には合わない。"", ""displayは「表示する」。紙の代わりに電子券を入口で提示する。""]",False,display tickets at the entrance on an appは自然。,allows visitors to＋原形、紙の代替となる提示動作で判定。,"{""answerIndex"": 3, ""answer"": ""display"", ""judgment"": ""4選択肢を下記のとおり検討し、この設問で最も適切な解答は1つ。文脈選択の他候補を一律に文法違反とは扱わない。"", ""basis"": ""allows visitors to＋原形、紙の代替となる提示動作で判定。""}",紙券を持たず入口で電子表示できる機能を保持。,"{""review"": ""evidence・takeaway・全4肢のreasonsを英文と照合。"", ""finding"": ""allows visitors to＋原形、紙の代替となる提示動作で判定。""}",基礎・電子チケット。難度は編集上の目安で、公式校正済み難度ではない。,"{""exactStemDuplicates"": [], ""semanticReview"": ""文脈で選ぶ動詞の反復練習。電子チケットの場面・選択肢を他問と照合し、同文の重複はない。""}",[],,
p5-a-6-22,語彙,assessment,"[""チャレンジ02"", ""回答後の復習""]","[""vocab-context"", ""vocab-noun""]",The chef requested a written ------- of every ingredient used in the dessert for guests with allergies.,"[""list"", ""sample"", ""supply"", ""portion""]",0,料理長はアレルギーのある客のため、デザートの全材料の書面の一覧を求めました。,材料を一つずつ記載したものはlist。,"[""listは「一覧」。writtenと結び付き材料情報を記載する。"", ""sampleは「見本」。材料の現物でありwrittenという書面の記録にならない。"", ""supplyは「供給・在庫」。written supplyという材料情報の書類にはならない。"", ""portionは「一部分・一人前」。材料情報を記載する書類ではない。""]",False,written list of ingredientsは自然なアレルギー対応。,writtenが実物のsample等ではなく文字による一覧を限定。,"{""answerIndex"": 0, ""answer"": ""list"", ""judgment"": ""4選択肢を下記のとおり検討し、この設問で最も適切な解答は1つ。文脈選択の他候補を一律に文法違反とは扱わない。"", ""basis"": ""writtenが実物のsample等ではなく文字による一覧を限定。""}",デザート全材料を客のため書面一覧にする内容を保持。,"{""review"": ""evidence・takeaway・全4肢のreasonsを英文と照合。"", ""finding"": ""writtenが実物のsample等ではなく文字による一覧を限定。""}",基礎・飲食店の材料案内。難度は編集上の目安で、公式校正済み難度ではない。,"{""exactStemDuplicates"": [], ""semanticReview"": ""文脈で選ぶ名詞の反復練習。飲食店の材料案内の場面・選択肢を他問と照合し、同文の重複はない。""}",[],,
p5-a-6-23,語彙,assessment,"[""チャレンジ02"", ""回答後の復習""]","[""vocab-context"", ""vocab-adjective""]",The side entrance is ------- because it has been sealed shut for renovations.,"[""temporary"", ""inaccessible"", ""unrestricted"", ""operational""]",1,改装のため閉鎖されているので、脇の入口は利用できません。,封鎖され通れない状態を表すinaccessibleを選ぶ。,"[""temporaryは「仮の・一時的な」。入口自体が仮設だという情報はない。"", ""inaccessibleは「利用できない」。閉鎖された入口に合う。"", ""unrestrictedは「制限のない」。閉鎖されていることと合わない。"", ""operationalは「稼働・使用可能な」。閉鎖され通れない状態と矛盾する。""]",False,entrance is inaccessible because sealed shutは自然な閉鎖案内。,形容詞補語4語のうち封鎖から利用不可を導く。,"{""answerIndex"": 1, ""answer"": ""inaccessible"", ""judgment"": ""4選択肢を下記のとおり検討し、この設問で最も適切な解答は1つ。文脈選択の他候補を一律に文法違反とは扱わない。"", ""basis"": ""形容詞補語4語のうち封鎖から利用不可を導く。""}",改装のため封鎖した脇入口の利用不可を保持。,"{""review"": ""evidence・takeaway・全4肢のreasonsを英文と照合。"", ""finding"": ""形容詞補語4語のうち封鎖から利用不可を導く。""}",基礎・施設工事。難度は編集上の目安で、公式校正済み難度ではない。,"{""exactStemDuplicates"": [], ""semanticReview"": ""文脈で選ぶ形容詞の反復練習。施設工事の場面・選択肢を他問と照合し、同文の重複はない。""}",[],,
p5-a-6-24,語彙,assessment,"[""チャレンジ02"", ""回答後の復習""]","[""vocab-context"", ""vocab-adverb""]","The final figures differ only ------- from the preliminary estimates, by less than one percent.","[""urgently"", ""privately"", ""slightly"", ""completely""]",2,最終的な数値は暫定見積もりと1%未満しか違わず、差はごくわずかです。,小さい違いを表す副詞slightlyを選ぶ。,"[""urgentlyは「緊急に」。数値の差の程度ではない。"", ""privatelyは「内密に」。数値の差の程度ではない。"", ""slightlyは「わずかに」。1%未満の差と一致する。"", ""completelyは「完全に」。小さい差という説明に合わない。""]",False,differ only slightly ... by less than one percentは自然。,差の程度をslightlyが修飾、byが具体量を補足。,"{""answerIndex"": 2, ""answer"": ""slightly"", ""judgment"": ""4選択肢を下記のとおり検討し、この設問で最も適切な解答は1つ。文脈選択の他候補を一律に文法違反とは扱わない。"", ""basis"": ""差の程度をslightlyが修飾、byが具体量を補足。""}",暫定値との差が1%未満という小差を保持。,"{""review"": ""evidence・takeaway・全4肢のreasonsを英文と照合。"", ""finding"": ""差の程度をslightlyが修飾、byが具体量を補足。""}",基礎・数値報告。難度は編集上の目安で、公式校正済み難度ではない。,"{""exactStemDuplicates"": [], ""semanticReview"": ""文脈で選ぶ副詞の反復練習。数値報告の場面・選択肢を他問と照合し、同文の重複はない。""}",[],,
p5-a-6-25,語彙,assessment,"[""チャレンジ02"", ""回答後の復習""]","[""vocab-context"", ""vocab-collocation""]",The cafeteria will ------- the amount of food prepared upward or downward as demand changes.,"[""assess"", ""record"", ""announce"", ""adjust""]",3,食堂は需要の変化に応じ、調理する食品の量を増減させて調整します。,需要に応じて調理量を変える動詞adjustを選ぶ。,"[""assessは「評価する」。upward or downwardという実際の増減の意味を作れない。"", ""recordは「記録する」。需要の変化に応じて量を変える意味がない。"", ""announceは「発表する」。量を需要に合わせる行為ではない。"", ""adjustは「調整する」。需要の変化に応じて調理量を変える。""]",True,adjust amount upward or downwardは需要調整として自然。,upward/downwardが実際の増減を指定し動詞の意味を絞る。,"{""answerIndex"": 3, ""answer"": ""adjust"", ""judgment"": ""4選択肢を下記のとおり検討し、この設問で最も適切な解答は1つ。文脈選択の他候補を一律に文法違反とは扱わない。"", ""basis"": ""upward/downwardが実際の増減を指定し動詞の意味を絞る。""}",需要に合わせた調理量増減を保持。,"{""review"": ""evidence・takeaway・全4肢のreasonsを英文と照合。"", ""finding"": ""upward/downwardが実際の増減を指定する。as demand changesは需要の変化への対応であり、予測とは明記されないため、adjustとrecordの理由を「需要の変化に応じ」に修正。""}",標準・食堂の需要管理。難度は編集上の目安で、公式校正済み難度ではない。,"{""exactStemDuplicates"": [], ""semanticReview"": ""語の組み合わせの反復練習。食堂の需要管理の場面・選択肢を他問と照合し、同文の重複はない。""}",[],,"{""status"": ""addressed_pending_recheck"", ""findingAndResolution"": ""独立QAの最終指摘で、本文にない需要予測という追加情報を除去。adjustとrecordの理由2か所を需要の変化に応じへ修正。"", ""sourceEditedBy"": ""audit_expanded"", ""auditSynchronized"": ""2026-10-02""}"
p5-a-6-26,語彙,assessment,"[""チャレンジ02"", ""回答後の復習""]","[""vocab-context"", ""vocab-noun""]","The ferry company added an evening -------, raising the number of daily sailings to six.","[""departure"", ""discount"", ""extension"", ""reservation""]",0,フェリー会社は夕方の出発便を追加し、1日の運航を6便に増やしました。,運航便の数を増やす内容にはdeparture。,"[""departureは「出発便」。追加によって運航便数が増える。"", ""discountは「割引」。料金を下げても運航便数は増えない。"", ""extensionは「延長」。区間や期間の延長そのものは便数の追加ではない。"", ""reservationは「予約」。予約件数の増加と運航便数の増加は別。""]",False,add an evening departure to raise daily sailingsは自然。,便数増加という結果に合う名詞を選ぶ。,"{""answerIndex"": 0, ""answer"": ""departure"", ""judgment"": ""4選択肢を下記のとおり検討し、この設問で最も適切な解答は1つ。文脈選択の他候補を一律に文法違反とは扱わない。"", ""basis"": ""便数増加という結果に合う名詞を選ぶ。""}",夕方便追加で1日6便になる数を保持。,"{""review"": ""evidence・takeaway・全4肢のreasonsを英文と照合。"", ""finding"": ""便数増加という結果に合う名詞を選ぶ。""}",基礎・交通運航計画。難度は編集上の目安で、公式校正済み難度ではない。,"{""exactStemDuplicates"": [], ""semanticReview"": ""文脈で選ぶ名詞の反復練習。交通運航計画の場面・選択肢を他問と照合し、同文の重複はない。""}",[],,
p5-a-6-27,語彙,assessment,"[""チャレンジ02"", ""回答後の復習""]","[""vocab-context"", ""vocab-adjective""]",The new scanner can read ------- labels that older machines could not recognize because the ink had faded.,"[""detached"", ""faint"", ""blank"", ""outdated""]",1,新しいスキャナーはインクが薄れ、旧型では認識できなかった印字の薄いラベルも読めます。,印刷が薄くて見えにくい状態はfaint。,"[""detachedは「外れた」。ラベルの剥離ではなく印字の薄さが原因。"", ""faintは「かすかな・薄い」。インクが薄れた状態と合う。"", ""blankは「何も書かれていない」。インクが薄く残り読み取れるラベルとは異なる。"", ""outdatedは「古くなった」。情報の古さはインクの退色とは別。""]",True,faint labelsは印字の薄いラベルとして文脈から自然に理解できる。,because ink had fadedが薄さを明示しfaintを支える。,"{""answerIndex"": 1, ""answer"": ""faint"", ""judgment"": ""4選択肢を下記のとおり検討し、この設問で最も適切な解答は1つ。文脈選択の他候補を一律に文法違反とは扱わない。"", ""basis"": ""because ink had fadedが薄さを明示しfaintを支える。""}",かすかなラベルを印字の薄いラベルにして自然さを改善。,"{""review"": ""evidence・takeaway・全4肢のreasonsを英文と照合。"", ""finding"": ""because ink had fadedが薄さを明示しfaintを支える。""}",標準・読み取り設備。難度は編集上の目安で、公式校正済み難度ではない。,"{""exactStemDuplicates"": [], ""semanticReview"": ""文脈で選ぶ形容詞の反復練習。読み取り設備の場面・選択肢を他問と照合し、同文の重複はない。""}",[],,
p5-a-6-28,語彙,assessment,"[""チャレンジ02"", ""回答後の復習""]","[""vocab-context"", ""vocab-verb""]",The service desk uses the reference number to ------- your booking among thousands of records.,"[""duplicate"", ""transfer"", ""locate"", ""postpone""]",2,案内窓口は照会番号を使い、数千件の記録の中からあなたの予約を見つけます。,記録の所在を突き止める動詞locateを選ぶ。,"[""duplicateは「複製する」。記録の中から該当する予約を見つける動作とは異なる。"", ""transferは「移す」。移す先や変更内容がなく、予約の検索を述べている。"", ""locateは「見つける」。照会番号から予約記録を探す。"", ""postponeは「延期する」。among thousands of recordsが示す記録の中からの検索には合わない。""]",True,locate booking among recordsは自然な検索業務。,among thousands of recordsが探す集合を示す。誤答説明を存在しない依頼でなくこの検索文脈へ修正。,"{""answerIndex"": 2, ""answer"": ""locate"", ""judgment"": ""4選択肢を下記のとおり検討し、この設問で最も適切な解答は1つ。文脈選択の他候補を一律に文法違反とは扱わない。"", ""basis"": ""among thousands of recordsが探す集合を示す。誤答説明を存在しない依頼でなくこの検索文脈へ修正。""}",照会番号を用いて数千件から該当予約を見つける意味を保持。,"{""review"": ""evidence・takeaway・全4肢のreasonsを英文と照合。"", ""finding"": ""among thousands of recordsが探す集合を示す。誤答説明を存在しない依頼でなくこの検索文脈へ修正。""}",基礎・予約検索。難度は編集上の目安で、公式校正済み難度ではない。,"{""exactStemDuplicates"": [], ""semanticReview"": ""文脈で選ぶ動詞の反復練習。予約検索の場面・選択肢を他問と照合し、同文の重複はない。""}",[],,
p5-a-6-29,語彙,assessment,"[""チャレンジ02"", ""回答後の復習""]","[""vocab-context"", ""vocab-noun""]",The new cooling system reduced energy ------- without changing the temperature inside the warehouse.,"[""production"", ""distribution"", ""capacity"", ""consumption""]",3,新しい冷却設備は倉庫内の温度を変えずにエネルギー消費を削減しました。,エネルギーの使用量を表す名詞consumptionを選ぶ。,"[""productionは「生産」。発電量の話ではなく、温度を維持するためのエネルギー使用量を述べている。"", ""distributionは「配分・流通」。ここでは同じ冷却効果に必要な使用量を減らす。"", ""capacityは「能力・容量」。冷却を保ったまま下げたのは使用量であり設備容量とは異なる。"", ""energy consumptionで「エネルギー消費」。同じ温度を保ちながら使用量を減らす。""]",True,reduce energy consumption without temperature changeは省エネの自然な表現。,同じ冷却効果で使用量削減という文脈選択。発電と設備の関係を一般論で断定しない説明へ修正。,"{""answerIndex"": 3, ""answer"": ""consumption"", ""judgment"": ""4選択肢を下記のとおり検討し、この設問で最も適切な解答は1つ。文脈選択の他候補を一律に文法違反とは扱わない。"", ""basis"": ""同じ冷却効果で使用量削減という文脈選択。発電と設備の関係を一般論で断定しない説明へ修正。""}",庫内温度維持とエネルギー消費低減を保持。,"{""review"": ""evidence・takeaway・全4肢のreasonsを英文と照合。"", ""finding"": ""同じ冷却効果で使用量削減という文脈選択。発電と設備の関係を一般論で断定しない説明へ修正。""}",基礎・設備省エネ。難度は編集上の目安で、公式校正済み難度ではない。,"{""exactStemDuplicates"": [], ""semanticReview"": ""文脈で選ぶ名詞の反復練習。設備省エネの場面・選択肢を他問と照合し、同文の重複はない。""}",[],,
p5-a-6-30,語彙,assessment,"[""チャレンジ02"", ""回答後の復習""]","[""vocab-context"", ""vocab-collocation""]","The grant, which is exactly equal to the total installation cost, will ------- the full cost of the new ramps.","[""cover"", ""estimate"", ""exceed"", ""distribute""]",0,設置費用総額とちょうど同額の助成金が、新しいスロープの費用を全額賄います。,cover the costで「費用を賄う」。,"[""coverは「賄う」。助成金で設置費用を負担する。"", ""estimateは「見積もる」。金銭であるgrant自身は費用を予測しない。"", ""exceedは「超える」。必要額ちょうどという条件と矛盾する。"", ""distributeは「分配する」。支払先への配分を述べる文ではない。""]",True,実費総額と同額の助成金が費用を賄う文にして論理関係を明確化。,予算と実費は別なので旧文ではexceedが成立し得た。exactly equal to total installation costなら超過を排除できる。,"{""answerIndex"": 0, ""answer"": ""cover"", ""judgment"": ""4選択肢を下記のとおり検討し、この設問で最も適切な解答は1つ。文脈選択の他候補を一律に文法違反とは扱わない。"", ""basis"": ""予算と実費は別なので旧文ではexceedが成立し得た。exactly equal to total installation costなら超過を排除できる。""}",設置予算ではなく設置費用総額との完全一致へ更新。,"{""review"": ""evidence・takeaway・全4肢のreasonsを英文と照合。"", ""finding"": ""予算と実費は別なので旧文ではexceedが成立し得た。exactly equal to total installation costなら超過を排除できる。""}",標準・設備の助成金。難度は編集上の目安で、公式校正済み難度ではない。,"{""exactStemDuplicates"": [], ""semanticReview"": ""語の組み合わせの反復練習。設備の助成金の場面・選択肢を他問と照合し、同文の重複はない。""}",[],,
